article_url	wayback_save_url
https://agisoft.freshdesk.com/support/solutions/articles/31000023521	https://web.archive.org/save/https://agisoft.freshdesk.com/support/solutions/articles/31000023521
https://agisoft.freshdesk.com/support/solutions/articles/31000126204	https://web.archive.org/save/https://agisoft.freshdesk.com/support/solutions/articles/31000126204
https://agisoft.freshdesk.com/support/solutions/articles/31000133073	https://web.archive.org/save/https://agisoft.freshdesk.com/support/solutions/articles/31000133073
https://agisoft.freshdesk.com/support/solutions/articles/31000133120	https://web.archive.org/save/https://agisoft.freshdesk.com/support/solutions/articles/31000133120
https://agisoft.freshdesk.com/support/solutions/articles/31000133121	https://web.archive.org/save/https://agisoft.freshdesk.com/support/solutions/articles/31000133121
https://agisoft.freshdesk.com/support/solutions/articles/31000133123	https://web.archive.org/save/https://agisoft.freshdesk.com/support/solutions/articles/31000133123
https://agisoft.freshdesk.com/support/solutions/articles/31000133141	https://web.archive.org/save/https://agisoft.freshdesk.com/support/solutions/articles/31000133141
https://agisoft.freshdesk.com/support/solutions/articles/31000133220	https://web.archive.org/save/https://agisoft.freshdesk.com/support/solutions/articles/31000133220
https://agisoft.freshdesk.com/support/solutions/articles/31000133222	https://web.archive.org/save/https://agisoft.freshdesk.com/support/solutions/articles/31000133222
https://agisoft.freshdesk.com/support/solutions/articles/31000133223	https://web.archive.org/save/https://agisoft.freshdesk.com/support/solutions/articles/31000133223
https://agisoft.freshdesk.com/support/solutions/articles/31000133910	https://web.archive.org/save/https://agisoft.freshdesk.com/support/solutions/articles/31000133910
https://agisoft.freshdesk.com/support/solutions/articles/31000134012	https://web.archive.org/save/https://agisoft.freshdesk.com/support/solutions/articles/31000134012
https://agisoft.freshdesk.com/support/solutions/articles/31000135256	https://web.archive.org/save/https://agisoft.freshdesk.com/support/solutions/articles/31000135256
https://agisoft.freshdesk.com/support/solutions/articles/31000135259	https://web.archive.org/save/https://agisoft.freshdesk.com/support/solutions/articles/31000135259
https://agisoft.freshdesk.com/support/solutions/articles/31000135262	https://web.archive.org/save/https://agisoft.freshdesk.com/support/solutions/articles/31000135262
https://agisoft.freshdesk.com/support/solutions/articles/31000135266	https://web.archive.org/save/https://agisoft.freshdesk.com/support/solutions/articles/31000135266
https://agisoft.freshdesk.com/support/solutions/articles/31000135267	https://web.archive.org/save/https://agisoft.freshdesk.com/support/solutions/articles/31000135267
https://agisoft.freshdesk.com/support/solutions/articles/31000135268	https://web.archive.org/save/https://agisoft.freshdesk.com/support/solutions/articles/31000135268
https://agisoft.freshdesk.com/support/solutions/articles/31000135270	https://web.archive.org/save/https://agisoft.freshdesk.com/support/solutions/articles/31000135270
https://agisoft.freshdesk.com/support/solutions/articles/31000135378	https://web.archive.org/save/https://agisoft.freshdesk.com/support/solutions/articles/31000135378
https://agisoft.freshdesk.com/support/solutions/articles/31000135437	https://web.archive.org/save/https://agisoft.freshdesk.com/support/solutions/articles/31000135437
https://agisoft.freshdesk.com/support/solutions/articles/31000135640	https://web.archive.org/save/https://agisoft.freshdesk.com/support/solutions/articles/31000135640
https://agisoft.freshdesk.com/support/solutions/articles/31000136860	https://web.archive.org/save/https://agisoft.freshdesk.com/support/solutions/articles/31000136860
https://agisoft.freshdesk.com/support/solutions/articles/31000136920	https://web.archive.org/save/https://agisoft.freshdesk.com/support/solutions/articles/31000136920
https://agisoft.freshdesk.com/support/solutions/articles/31000145016	https://web.archive.org/save/https://agisoft.freshdesk.com/support/solutions/articles/31000145016
https://agisoft.freshdesk.com/support/solutions/articles/31000145376	https://web.archive.org/save/https://agisoft.freshdesk.com/support/solutions/articles/31000145376
https://agisoft.freshdesk.com/support/solutions/articles/31000145918	https://web.archive.org/save/https://agisoft.freshdesk.com/support/solutions/articles/31000145918
https://agisoft.freshdesk.com/support/solutions/articles/31000145919	https://web.archive.org/save/https://agisoft.freshdesk.com/support/solutions/articles/31000145919
https://agisoft.freshdesk.com/support/solutions/articles/31000145920	https://web.archive.org/save/https://agisoft.freshdesk.com/support/solutions/articles/31000145920
https://agisoft.freshdesk.com/support/solutions/articles/31000147966	https://web.archive.org/save/https://agisoft.freshdesk.com/support/solutions/articles/31000147966
https://agisoft.freshdesk.com/support/solutions/articles/31000148332	https://web.archive.org/save/https://agisoft.freshdesk.com/support/solutions/articles/31000148332
https://agisoft.freshdesk.com/support/solutions/articles/31000148381	https://web.archive.org/save/https://agisoft.freshdesk.com/support/solutions/articles/31000148381
https://agisoft.freshdesk.com/support/solutions/articles/31000148432	https://web.archive.org/save/https://agisoft.freshdesk.com/support/solutions/articles/31000148432
https://agisoft.freshdesk.com/support/solutions/articles/31000148780	https://web.archive.org/save/https://agisoft.freshdesk.com/support/solutions/articles/31000148780
https://agisoft.freshdesk.com/support/solutions/articles/31000148830	https://web.archive.org/save/https://agisoft.freshdesk.com/support/solutions/articles/31000148830
https://agisoft.freshdesk.com/support/solutions/articles/31000148835	https://web.archive.org/save/https://agisoft.freshdesk.com/support/solutions/articles/31000148835
https://agisoft.freshdesk.com/support/solutions/articles/31000148853	https://web.archive.org/save/https://agisoft.freshdesk.com/support/solutions/articles/31000148853
https://agisoft.freshdesk.com/support/solutions/articles/31000148855	https://web.archive.org/save/https://agisoft.freshdesk.com/support/solutions/articles/31000148855
https://agisoft.freshdesk.com/support/solutions/articles/31000148866	https://web.archive.org/save/https://agisoft.freshdesk.com/support/solutions/articles/31000148866
https://agisoft.freshdesk.com/support/solutions/articles/31000148884	https://web.archive.org/save/https://agisoft.freshdesk.com/support/solutions/articles/31000148884
https://agisoft.freshdesk.com/support/solutions/articles/31000148930	https://web.archive.org/save/https://agisoft.freshdesk.com/support/solutions/articles/31000148930
https://agisoft.freshdesk.com/support/solutions/articles/31000149015	https://web.archive.org/save/https://agisoft.freshdesk.com/support/solutions/articles/31000149015
https://agisoft.freshdesk.com/support/solutions/articles/31000149337	https://web.archive.org/save/https://agisoft.freshdesk.com/support/solutions/articles/31000149337
https://agisoft.freshdesk.com/support/solutions/articles/31000149338	https://web.archive.org/save/https://agisoft.freshdesk.com/support/solutions/articles/31000149338
https://agisoft.freshdesk.com/support/solutions/articles/31000149339	https://web.archive.org/save/https://agisoft.freshdesk.com/support/solutions/articles/31000149339
https://agisoft.freshdesk.com/support/solutions/articles/31000149340	https://web.archive.org/save/https://agisoft.freshdesk.com/support/solutions/articles/31000149340
https://agisoft.freshdesk.com/support/solutions/articles/31000149341	https://web.archive.org/save/https://agisoft.freshdesk.com/support/solutions/articles/31000149341
https://agisoft.freshdesk.com/support/solutions/articles/31000150614	https://web.archive.org/save/https://agisoft.freshdesk.com/support/solutions/articles/31000150614
https://agisoft.freshdesk.com/support/solutions/articles/31000150804	https://web.archive.org/save/https://agisoft.freshdesk.com/support/solutions/articles/31000150804
https://agisoft.freshdesk.com/support/solutions/articles/31000150805	https://web.archive.org/save/https://agisoft.freshdesk.com/support/solutions/articles/31000150805
https://agisoft.freshdesk.com/support/solutions/articles/31000151182	https://web.archive.org/save/https://agisoft.freshdesk.com/support/solutions/articles/31000151182
https://agisoft.freshdesk.com/support/solutions/articles/31000152092	https://web.archive.org/save/https://agisoft.freshdesk.com/support/solutions/articles/31000152092
https://agisoft.freshdesk.com/support/solutions/articles/31000152334	https://web.archive.org/save/https://agisoft.freshdesk.com/support/solutions/articles/31000152334
https://agisoft.freshdesk.com/support/solutions/articles/31000152491	https://web.archive.org/save/https://agisoft.freshdesk.com/support/solutions/articles/31000152491
https://agisoft.freshdesk.com/support/solutions/articles/31000153271	https://web.archive.org/save/https://agisoft.freshdesk.com/support/solutions/articles/31000153271
https://agisoft.freshdesk.com/support/solutions/articles/31000153371	https://web.archive.org/save/https://agisoft.freshdesk.com/support/solutions/articles/31000153371
https://agisoft.freshdesk.com/support/solutions/articles/31000153479	https://web.archive.org/save/https://agisoft.freshdesk.com/support/solutions/articles/31000153479
https://agisoft.freshdesk.com/support/solutions/articles/31000153555	https://web.archive.org/save/https://agisoft.freshdesk.com/support/solutions/articles/31000153555
https://agisoft.freshdesk.com/support/solutions/articles/31000153696	https://web.archive.org/save/https://agisoft.freshdesk.com/support/solutions/articles/31000153696
https://agisoft.freshdesk.com/support/solutions/articles/31000153699	https://web.archive.org/save/https://agisoft.freshdesk.com/support/solutions/articles/31000153699
https://agisoft.freshdesk.com/support/solutions/articles/31000153729	https://web.archive.org/save/https://agisoft.freshdesk.com/support/solutions/articles/31000153729
https://agisoft.freshdesk.com/support/solutions/articles/31000153736	https://web.archive.org/save/https://agisoft.freshdesk.com/support/solutions/articles/31000153736
https://agisoft.freshdesk.com/support/solutions/articles/31000153743	https://web.archive.org/save/https://agisoft.freshdesk.com/support/solutions/articles/31000153743
https://agisoft.freshdesk.com/support/solutions/articles/31000153952	https://web.archive.org/save/https://agisoft.freshdesk.com/support/solutions/articles/31000153952
https://agisoft.freshdesk.com/support/solutions/articles/31000154049	https://web.archive.org/save/https://agisoft.freshdesk.com/support/solutions/articles/31000154049
https://agisoft.freshdesk.com/support/solutions/articles/31000154132	https://web.archive.org/save/https://agisoft.freshdesk.com/support/solutions/articles/31000154132
https://agisoft.freshdesk.com/support/solutions/articles/31000154587	https://web.archive.org/save/https://agisoft.freshdesk.com/support/solutions/articles/31000154587
https://agisoft.freshdesk.com/support/solutions/articles/31000154629	https://web.archive.org/save/https://agisoft.freshdesk.com/support/solutions/articles/31000154629
https://agisoft.freshdesk.com/support/solutions/articles/31000154762	https://web.archive.org/save/https://agisoft.freshdesk.com/support/solutions/articles/31000154762
https://agisoft.freshdesk.com/support/solutions/articles/31000155067	https://web.archive.org/save/https://agisoft.freshdesk.com/support/solutions/articles/31000155067
https://agisoft.freshdesk.com/support/solutions/articles/31000155118	https://web.archive.org/save/https://agisoft.freshdesk.com/support/solutions/articles/31000155118
https://agisoft.freshdesk.com/support/solutions/articles/31000155178	https://web.archive.org/save/https://agisoft.freshdesk.com/support/solutions/articles/31000155178
https://agisoft.freshdesk.com/support/solutions/articles/31000155179	https://web.archive.org/save/https://agisoft.freshdesk.com/support/solutions/articles/31000155179
https://agisoft.freshdesk.com/support/solutions/articles/31000155265	https://web.archive.org/save/https://agisoft.freshdesk.com/support/solutions/articles/31000155265
https://agisoft.freshdesk.com/support/solutions/articles/31000155544	https://web.archive.org/save/https://agisoft.freshdesk.com/support/solutions/articles/31000155544
https://agisoft.freshdesk.com/support/solutions/articles/31000155753	https://web.archive.org/save/https://agisoft.freshdesk.com/support/solutions/articles/31000155753
https://agisoft.freshdesk.com/support/solutions/articles/31000155990	https://web.archive.org/save/https://agisoft.freshdesk.com/support/solutions/articles/31000155990
https://agisoft.freshdesk.com/support/solutions/articles/31000156301	https://web.archive.org/save/https://agisoft.freshdesk.com/support/solutions/articles/31000156301
https://agisoft.freshdesk.com/support/solutions/articles/31000156493	https://web.archive.org/save/https://agisoft.freshdesk.com/support/solutions/articles/31000156493
https://agisoft.freshdesk.com/support/solutions/articles/31000156497	https://web.archive.org/save/https://agisoft.freshdesk.com/support/solutions/articles/31000156497
https://agisoft.freshdesk.com/support/solutions/articles/31000156964	https://web.archive.org/save/https://agisoft.freshdesk.com/support/solutions/articles/31000156964
https://agisoft.freshdesk.com/support/solutions/articles/31000157018	https://web.archive.org/save/https://agisoft.freshdesk.com/support/solutions/articles/31000157018
https://agisoft.freshdesk.com/support/solutions/articles/31000157329	https://web.archive.org/save/https://agisoft.freshdesk.com/support/solutions/articles/31000157329
https://agisoft.freshdesk.com/support/solutions/articles/31000157459	https://web.archive.org/save/https://agisoft.freshdesk.com/support/solutions/articles/31000157459
https://agisoft.freshdesk.com/support/solutions/articles/31000157618	https://web.archive.org/save/https://agisoft.freshdesk.com/support/solutions/articles/31000157618
https://agisoft.freshdesk.com/support/solutions/articles/31000157619	https://web.archive.org/save/https://agisoft.freshdesk.com/support/solutions/articles/31000157619
https://agisoft.freshdesk.com/support/solutions/articles/31000157620	https://web.archive.org/save/https://agisoft.freshdesk.com/support/solutions/articles/31000157620
https://agisoft.freshdesk.com/support/solutions/articles/31000157701	https://web.archive.org/save/https://agisoft.freshdesk.com/support/solutions/articles/31000157701
https://agisoft.freshdesk.com/support/solutions/articles/31000157888	https://web.archive.org/save/https://agisoft.freshdesk.com/support/solutions/articles/31000157888
https://agisoft.freshdesk.com/support/solutions/articles/31000157908	https://web.archive.org/save/https://agisoft.freshdesk.com/support/solutions/articles/31000157908
https://agisoft.freshdesk.com/support/solutions/articles/31000157953	https://web.archive.org/save/https://agisoft.freshdesk.com/support/solutions/articles/31000157953
https://agisoft.freshdesk.com/support/solutions/articles/31000158119	https://web.archive.org/save/https://agisoft.freshdesk.com/support/solutions/articles/31000158119
https://agisoft.freshdesk.com/support/solutions/articles/31000158217	https://web.archive.org/save/https://agisoft.freshdesk.com/support/solutions/articles/31000158217
https://agisoft.freshdesk.com/support/solutions/articles/31000158320	https://web.archive.org/save/https://agisoft.freshdesk.com/support/solutions/articles/31000158320
https://agisoft.freshdesk.com/support/solutions/articles/31000158376	https://web.archive.org/save/https://agisoft.freshdesk.com/support/solutions/articles/31000158376
https://agisoft.freshdesk.com/support/solutions/articles/31000158435	https://web.archive.org/save/https://agisoft.freshdesk.com/support/solutions/articles/31000158435
https://agisoft.freshdesk.com/support/solutions/articles/31000158881	https://web.archive.org/save/https://agisoft.freshdesk.com/support/solutions/articles/31000158881
https://agisoft.freshdesk.com/support/solutions/articles/31000158885	https://web.archive.org/save/https://agisoft.freshdesk.com/support/solutions/articles/31000158885
https://agisoft.freshdesk.com/support/solutions/articles/31000158896	https://web.archive.org/save/https://agisoft.freshdesk.com/support/solutions/articles/31000158896
https://agisoft.freshdesk.com/support/solutions/articles/31000158928	https://web.archive.org/save/https://agisoft.freshdesk.com/support/solutions/articles/31000158928
https://agisoft.freshdesk.com/support/solutions/articles/31000158941	https://web.archive.org/save/https://agisoft.freshdesk.com/support/solutions/articles/31000158941
https://agisoft.freshdesk.com/support/solutions/articles/31000158942	https://web.archive.org/save/https://agisoft.freshdesk.com/support/solutions/articles/31000158942
https://agisoft.freshdesk.com/support/solutions/articles/31000158967	https://web.archive.org/save/https://agisoft.freshdesk.com/support/solutions/articles/31000158967
https://agisoft.freshdesk.com/support/solutions/articles/31000159037	https://web.archive.org/save/https://agisoft.freshdesk.com/support/solutions/articles/31000159037
https://agisoft.freshdesk.com/support/solutions/articles/31000159101	https://web.archive.org/save/https://agisoft.freshdesk.com/support/solutions/articles/31000159101
https://agisoft.freshdesk.com/support/solutions/articles/31000159199	https://web.archive.org/save/https://agisoft.freshdesk.com/support/solutions/articles/31000159199
https://agisoft.freshdesk.com/support/solutions/articles/31000159337	https://web.archive.org/save/https://agisoft.freshdesk.com/support/solutions/articles/31000159337
https://agisoft.freshdesk.com/support/solutions/articles/31000159367	https://web.archive.org/save/https://agisoft.freshdesk.com/support/solutions/articles/31000159367
https://agisoft.freshdesk.com/support/solutions/articles/31000159531	https://web.archive.org/save/https://agisoft.freshdesk.com/support/solutions/articles/31000159531
https://agisoft.freshdesk.com/support/solutions/articles/31000159556	https://web.archive.org/save/https://agisoft.freshdesk.com/support/solutions/articles/31000159556
https://agisoft.freshdesk.com/support/solutions/articles/31000159853	https://web.archive.org/save/https://agisoft.freshdesk.com/support/solutions/articles/31000159853
https://agisoft.freshdesk.com/support/solutions/articles/31000159895	https://web.archive.org/save/https://agisoft.freshdesk.com/support/solutions/articles/31000159895
https://agisoft.freshdesk.com/support/solutions/articles/31000160027	https://web.archive.org/save/https://agisoft.freshdesk.com/support/solutions/articles/31000160027
https://agisoft.freshdesk.com/support/solutions/articles/31000160059	https://web.archive.org/save/https://agisoft.freshdesk.com/support/solutions/articles/31000160059
https://agisoft.freshdesk.com/support/solutions/articles/31000160098	https://web.archive.org/save/https://agisoft.freshdesk.com/support/solutions/articles/31000160098
https://agisoft.freshdesk.com/support/solutions/articles/31000160235	https://web.archive.org/save/https://agisoft.freshdesk.com/support/solutions/articles/31000160235
https://agisoft.freshdesk.com/support/solutions/articles/31000160468	https://web.archive.org/save/https://agisoft.freshdesk.com/support/solutions/articles/31000160468
https://agisoft.freshdesk.com/support/solutions/articles/31000160727	https://web.archive.org/save/https://agisoft.freshdesk.com/support/solutions/articles/31000160727
https://agisoft.freshdesk.com/support/solutions/articles/31000160729	https://web.archive.org/save/https://agisoft.freshdesk.com/support/solutions/articles/31000160729
https://agisoft.freshdesk.com/support/solutions/articles/31000160891	https://web.archive.org/save/https://agisoft.freshdesk.com/support/solutions/articles/31000160891
https://agisoft.freshdesk.com/support/solutions/articles/31000160911	https://web.archive.org/save/https://agisoft.freshdesk.com/support/solutions/articles/31000160911
https://agisoft.freshdesk.com/support/solutions/articles/31000160912	https://web.archive.org/save/https://agisoft.freshdesk.com/support/solutions/articles/31000160912
https://agisoft.freshdesk.com/support/solutions/articles/31000161029	https://web.archive.org/save/https://agisoft.freshdesk.com/support/solutions/articles/31000161029
https://agisoft.freshdesk.com/support/solutions/articles/31000161038	https://web.archive.org/save/https://agisoft.freshdesk.com/support/solutions/articles/31000161038
https://agisoft.freshdesk.com/support/solutions/articles/31000161146	https://web.archive.org/save/https://agisoft.freshdesk.com/support/solutions/articles/31000161146
https://agisoft.freshdesk.com/support/solutions/articles/31000161178	https://web.archive.org/save/https://agisoft.freshdesk.com/support/solutions/articles/31000161178
https://agisoft.freshdesk.com/support/solutions/articles/31000161295	https://web.archive.org/save/https://agisoft.freshdesk.com/support/solutions/articles/31000161295
https://agisoft.freshdesk.com/support/solutions/articles/31000161406	https://web.archive.org/save/https://agisoft.freshdesk.com/support/solutions/articles/31000161406
https://agisoft.freshdesk.com/support/solutions/articles/31000161533	https://web.archive.org/save/https://agisoft.freshdesk.com/support/solutions/articles/31000161533
https://agisoft.freshdesk.com/support/solutions/articles/31000161545	https://web.archive.org/save/https://agisoft.freshdesk.com/support/solutions/articles/31000161545
https://agisoft.freshdesk.com/support/solutions/articles/31000161735	https://web.archive.org/save/https://agisoft.freshdesk.com/support/solutions/articles/31000161735
https://agisoft.freshdesk.com/support/solutions/articles/31000161958	https://web.archive.org/save/https://agisoft.freshdesk.com/support/solutions/articles/31000161958
https://agisoft.freshdesk.com/support/solutions/articles/31000161959	https://web.archive.org/save/https://agisoft.freshdesk.com/support/solutions/articles/31000161959
https://agisoft.freshdesk.com/support/solutions/articles/31000162008	https://web.archive.org/save/https://agisoft.freshdesk.com/support/solutions/articles/31000162008
https://agisoft.freshdesk.com/support/solutions/articles/31000162209	https://web.archive.org/save/https://agisoft.freshdesk.com/support/solutions/articles/31000162209
https://agisoft.freshdesk.com/support/solutions/articles/31000162210	https://web.archive.org/save/https://agisoft.freshdesk.com/support/solutions/articles/31000162210
https://agisoft.freshdesk.com/support/solutions/articles/31000162211	https://web.archive.org/save/https://agisoft.freshdesk.com/support/solutions/articles/31000162211
https://agisoft.freshdesk.com/support/solutions/articles/31000162212	https://web.archive.org/save/https://agisoft.freshdesk.com/support/solutions/articles/31000162212
https://agisoft.freshdesk.com/support/solutions/articles/31000162414	https://web.archive.org/save/https://agisoft.freshdesk.com/support/solutions/articles/31000162414
https://agisoft.freshdesk.com/support/solutions/articles/31000162464	https://web.archive.org/save/https://agisoft.freshdesk.com/support/solutions/articles/31000162464
https://agisoft.freshdesk.com/support/solutions/articles/31000162477	https://web.archive.org/save/https://agisoft.freshdesk.com/support/solutions/articles/31000162477
https://agisoft.freshdesk.com/support/solutions/articles/31000162552	https://web.archive.org/save/https://agisoft.freshdesk.com/support/solutions/articles/31000162552
https://agisoft.freshdesk.com/support/solutions/articles/31000162572	https://web.archive.org/save/https://agisoft.freshdesk.com/support/solutions/articles/31000162572
https://agisoft.freshdesk.com/support/solutions/articles/31000162602	https://web.archive.org/save/https://agisoft.freshdesk.com/support/solutions/articles/31000162602
https://agisoft.freshdesk.com/support/solutions/articles/31000162626	https://web.archive.org/save/https://agisoft.freshdesk.com/support/solutions/articles/31000162626
https://agisoft.freshdesk.com/support/solutions/articles/31000162627	https://web.archive.org/save/https://agisoft.freshdesk.com/support/solutions/articles/31000162627
https://agisoft.freshdesk.com/support/solutions/articles/31000163220	https://web.archive.org/save/https://agisoft.freshdesk.com/support/solutions/articles/31000163220
https://agisoft.freshdesk.com/support/solutions/articles/31000163267	https://web.archive.org/save/https://agisoft.freshdesk.com/support/solutions/articles/31000163267
https://agisoft.freshdesk.com/support/solutions/articles/31000163268	https://web.archive.org/save/https://agisoft.freshdesk.com/support/solutions/articles/31000163268
https://agisoft.freshdesk.com/support/solutions/articles/31000163280	https://web.archive.org/save/https://agisoft.freshdesk.com/support/solutions/articles/31000163280
https://agisoft.freshdesk.com/support/solutions/articles/31000163324	https://web.archive.org/save/https://agisoft.freshdesk.com/support/solutions/articles/31000163324
https://agisoft.freshdesk.com/support/solutions/articles/31000163388	https://web.archive.org/save/https://agisoft.freshdesk.com/support/solutions/articles/31000163388
https://agisoft.freshdesk.com/support/solutions/articles/31000164388	https://web.archive.org/save/https://agisoft.freshdesk.com/support/solutions/articles/31000164388
https://agisoft.freshdesk.com/support/solutions/articles/31000164680	https://web.archive.org/save/https://agisoft.freshdesk.com/support/solutions/articles/31000164680
https://agisoft.freshdesk.com/support/solutions/articles/31000166900	https://web.archive.org/save/https://agisoft.freshdesk.com/support/solutions/articles/31000166900
https://agisoft.freshdesk.com/support/solutions/articles/31000166933	https://web.archive.org/save/https://agisoft.freshdesk.com/support/solutions/articles/31000166933
https://agisoft.freshdesk.com/support/solutions/articles/31000166942	https://web.archive.org/save/https://agisoft.freshdesk.com/support/solutions/articles/31000166942
https://agisoft.freshdesk.com/support/solutions/articles/31000167427	https://web.archive.org/save/https://agisoft.freshdesk.com/support/solutions/articles/31000167427
https://agisoft.freshdesk.com/support/solutions/articles/31000167433	https://web.archive.org/save/https://agisoft.freshdesk.com/support/solutions/articles/31000167433
https://agisoft.freshdesk.com/support/solutions/articles/31000167860	https://web.archive.org/save/https://agisoft.freshdesk.com/support/solutions/articles/31000167860
https://agisoft.freshdesk.com/support/solutions/articles/31000167872	https://web.archive.org/save/https://agisoft.freshdesk.com/support/solutions/articles/31000167872
https://agisoft.freshdesk.com/support/solutions/articles/31000167986	https://web.archive.org/save/https://agisoft.freshdesk.com/support/solutions/articles/31000167986
https://agisoft.freshdesk.com/support/solutions/articles/31000168141	https://web.archive.org/save/https://agisoft.freshdesk.com/support/solutions/articles/31000168141
https://agisoft.freshdesk.com/support/solutions/articles/31000168292	https://web.archive.org/save/https://agisoft.freshdesk.com/support/solutions/articles/31000168292
https://agisoft.freshdesk.com/support/solutions/articles/31000168474	https://web.archive.org/save/https://agisoft.freshdesk.com/support/solutions/articles/31000168474
https://agisoft.freshdesk.com/support/solutions/articles/31000169030	https://web.archive.org/save/https://agisoft.freshdesk.com/support/solutions/articles/31000169030
https://agisoft.freshdesk.com/support/solutions/articles/31000169229	https://web.archive.org/save/https://agisoft.freshdesk.com/support/solutions/articles/31000169229
https://agisoft.freshdesk.com/support/solutions/articles/31000169237	https://web.archive.org/save/https://agisoft.freshdesk.com/support/solutions/articles/31000169237
https://agisoft.freshdesk.com/support/solutions/articles/31000169304	https://web.archive.org/save/https://agisoft.freshdesk.com/support/solutions/articles/31000169304
https://agisoft.freshdesk.com/support/solutions/articles/31000169378	https://web.archive.org/save/https://agisoft.freshdesk.com/support/solutions/articles/31000169378
https://agisoft.freshdesk.com/support/solutions/articles/31000169438	https://web.archive.org/save/https://agisoft.freshdesk.com/support/solutions/articles/31000169438
https://agisoft.freshdesk.com/support/solutions/articles/31000169660	https://web.archive.org/save/https://agisoft.freshdesk.com/support/solutions/articles/31000169660
https://agisoft.freshdesk.com/support/solutions/articles/31000170259	https://web.archive.org/save/https://agisoft.freshdesk.com/support/solutions/articles/31000170259
https://agisoft.freshdesk.com/support/solutions/articles/31000170365	https://web.archive.org/save/https://agisoft.freshdesk.com/support/solutions/articles/31000170365
https://agisoft.freshdesk.com/support/solutions/articles/31000170564	https://web.archive.org/save/https://agisoft.freshdesk.com/support/solutions/articles/31000170564
https://agisoft.freshdesk.com/support/solutions/articles/31000171950	https://web.archive.org/save/https://agisoft.freshdesk.com/support/solutions/articles/31000171950
https://agisoft.freshdesk.com/support/solutions/articles/31000172034	https://web.archive.org/save/https://agisoft.freshdesk.com/support/solutions/articles/31000172034
https://agisoft.freshdesk.com/support/solutions/articles/31000172512	https://web.archive.org/save/https://agisoft.freshdesk.com/support/solutions/articles/31000172512
https://agisoft.freshdesk.com/support/solutions/articles/31000173952	https://web.archive.org/save/https://agisoft.freshdesk.com/support/solutions/articles/31000173952
https://agisoft.freshdesk.com/support/solutions/articles/31000173963	https://web.archive.org/save/https://agisoft.freshdesk.com/support/solutions/articles/31000173963
https://agisoft.freshdesk.com/support/solutions/articles/31000175667	https://web.archive.org/save/https://agisoft.freshdesk.com/support/solutions/articles/31000175667
https://agisoft.freshdesk.com/support/solutions/articles/31000177202	https://web.archive.org/save/https://agisoft.freshdesk.com/support/solutions/articles/31000177202
https://agisoft.freshdesk.com/support/solutions/articles/31000177705	https://web.archive.org/save/https://agisoft.freshdesk.com/support/solutions/articles/31000177705
https://agisoft.freshdesk.com/support/solutions/articles/31000177786	https://web.archive.org/save/https://agisoft.freshdesk.com/support/solutions/articles/31000177786
https://agisoft.freshdesk.com/support/solutions/articles/31000179305	https://web.archive.org/save/https://agisoft.freshdesk.com/support/solutions/articles/31000179305
https://agisoft.freshdesk.com/support/solutions/articles/31000179306	https://web.archive.org/save/https://agisoft.freshdesk.com/support/solutions/articles/31000179306
https://agisoft.freshdesk.com/support/solutions/articles/31000179307	https://web.archive.org/save/https://agisoft.freshdesk.com/support/solutions/articles/31000179307
https://agisoft.freshdesk.com/support/solutions/articles/31000179332	https://web.archive.org/save/https://agisoft.freshdesk.com/support/solutions/articles/31000179332
https://agisoft.freshdesk.com/support/solutions/articles/31000179371	https://web.archive.org/save/https://agisoft.freshdesk.com/support/solutions/articles/31000179371
https://agisoft.freshdesk.com/support/solutions/articles/31000179476	https://web.archive.org/save/https://agisoft.freshdesk.com/support/solutions/articles/31000179476
https://agisoft.freshdesk.com/support/solutions/articles/31000179478	https://web.archive.org/save/https://agisoft.freshdesk.com/support/solutions/articles/31000179478
