thread_url	archive_url	short_url	status	content_status	note	topic_id
https://www.agisoft.com/forum/index.php?topic=10129.0	https://archive.today/20260917221720/https://www.agisoft.com/forum/index.php?topic=10129.0		ARCHIVED	GOOD		10129.0
https://www.agisoft.com/forum/index.php?topic=10245.0	https://archive.today/20260917221720/https://www.agisoft.com/forum/index.php?topic=10245.0		ARCHIVED	GOOD		10245.0
https://www.agisoft.com/forum/index.php?topic=10250.0	https://archive.today/20260917221714/https://www.agisoft.com/forum/index.php?topic=10250.0		ARCHIVED	GOOD		10250.0
https://www.agisoft.com/forum/index.php?topic=10266.0	https://archive.today/20260917221815/https://www.agisoft.com/forum/index.php?topic=10266.0		ARCHIVED	GOOD		10266.0
https://www.agisoft.com/forum/index.php?topic=10304.0	https://archive.today/20260917221713/https://www.agisoft.com/forum/index.php?topic=10304.0		ARCHIVED	GOOD		10304.0
https://www.agisoft.com/forum/index.php?topic=10415.0	https://archive.today/20260917221709/https://www.agisoft.com/forum/index.php?topic=10415.0		ARCHIVED	GOOD		10415.0
https://www.agisoft.com/forum/index.php?topic=10450.0	https://archive.today/20260917221709/https://www.agisoft.com/forum/index.php?topic=10450.0		ARCHIVED	GOOD		10450.0
https://www.agisoft.com/forum/index.php?topic=10615.0	https://archive.today/20260917221700/https://www.agisoft.com/forum/index.php?topic=10615.0		ARCHIVED	GOOD		10615.0
https://www.agisoft.com/forum/index.php?topic=10720.0	https://archive.today/20260917221649/https://www.agisoft.com/forum/index.php?topic=10720.0		ARCHIVED	GOOD		10720.0
https://www.agisoft.com/forum/index.php?topic=10802.0	https://archive.today/20260917221650/https://www.agisoft.com/forum/index.php?topic=10802.0		ARCHIVED	GOOD		10802.0
https://www.agisoft.com/forum/index.php?topic=10816.0	https://archive.today/20260917221650/https://www.agisoft.com/forum/index.php?topic=10816.0		ARCHIVED	GOOD		10816.0
https://www.agisoft.com/forum/index.php?topic=10828.0	https://archive.today/20260917221646/https://www.agisoft.com/forum/index.php?topic=10828.0		ARCHIVED	GOOD		10828.0
https://www.agisoft.com/forum/index.php?topic=10834.0	https://archive.today/20260917221641/https://www.agisoft.com/forum/index.php?topic=10834.0		ARCHIVED	GOOD		10834.0
https://www.agisoft.com/forum/index.php?topic=10848.0	https://archive.today/20260917221640/https://www.agisoft.com/forum/index.php?topic=10848.0		ARCHIVED	GOOD		10848.0
https://www.agisoft.com/forum/index.php?topic=10905.0	https://archive.today/20260917221639/https://www.agisoft.com/forum/index.php?topic=10905.0		ARCHIVED	GOOD		10905.0
https://www.agisoft.com/forum/index.php?topic=11068.0	https://archive.today/20260917221636/https://www.agisoft.com/forum/index.php?topic=11068.0		ARCHIVED	GOOD		11068.0
https://www.agisoft.com/forum/index.php?topic=11077.0	https://archive.today/20260917221639/https://www.agisoft.com/forum/index.php?topic=11077.0		ARCHIVED	GOOD		11077.0
https://www.agisoft.com/forum/index.php?topic=1108.0	https://archive.today/20260917221627/https://www.agisoft.com/forum/index.php?topic=1108.0		ARCHIVED	GOOD		1108.0
https://www.agisoft.com/forum/index.php?topic=11105.0	https://archive.today/20260917221630/https://www.agisoft.com/forum/index.php?topic=11105.0		ARCHIVED	GOOD		11105.0
https://www.agisoft.com/forum/index.php?topic=11120.0	https://archive.today/20260917221616/https://www.agisoft.com/forum/index.php?topic=11120.0		ARCHIVED	GOOD		11120.0
https://www.agisoft.com/forum/index.php?topic=11129.0	https://archive.today/20260917222112/https://www.agisoft.com/forum/index.php?topic=11129.0		ARCHIVED	GOOD		11129.0
https://www.agisoft.com/forum/index.php?topic=11148.0	https://archive.today/20260917222034/https://www.agisoft.com/forum/index.php?topic=11148.0		ARCHIVED	GOOD		11148.0
https://www.agisoft.com/forum/index.php?topic=11153.0	https://archive.today/20240206130914/https://www.agisoft.com/forum/index.php?topic=11153.0		ARCHIVED	UNVERIFIED	snapshot 2024-02-06 (pre-existing); content recheck pending (archive.today 429)	11153.0
https://www.agisoft.com/forum/index.php?topic=11164.0	https://archive.today/20260917222025/https://www.agisoft.com/forum/index.php?topic=11164.0		ARCHIVED	GOOD		11164.0
https://www.agisoft.com/forum/index.php?topic=11173.0	https://archive.today/20260917222026/https://www.agisoft.com/forum/index.php?topic=11173.0		ARCHIVED	GOOD		11173.0
https://www.agisoft.com/forum/index.php?topic=11286.0	https://archive.today/20260917222020/https://www.agisoft.com/forum/index.php?topic=11286.0		ARCHIVED	GOOD		11286.0
https://www.agisoft.com/forum/index.php?topic=11404.0	https://archive.today/20260917222018/https://www.agisoft.com/forum/index.php?topic=11404.0		ARCHIVED	GOOD		11404.0
https://www.agisoft.com/forum/index.php?topic=11491.0	https://archive.today/20260917222018/https://www.agisoft.com/forum/index.php?topic=11491.0		ARCHIVED	GOOD		11491.0
https://www.agisoft.com/forum/index.php?topic=11506.0	https://archive.today/20260917222014/https://www.agisoft.com/forum/index.php?topic=11506.0		ARCHIVED	GOOD		11506.0
https://www.agisoft.com/forum/index.php?topic=11548.0	https://archive.today/20260917222017/https://www.agisoft.com/forum/index.php?topic=11548.0		ARCHIVED	GOOD		11548.0
https://www.agisoft.com/forum/index.php?topic=11630.0	https://archive.today/20260917222018/https://www.agisoft.com/forum/index.php?topic=11630.0		ARCHIVED	GOOD		11630.0
https://www.agisoft.com/forum/index.php?topic=11771.0	https://archive.today/20260917222013/https://www.agisoft.com/forum/index.php?topic=11771.0		ARCHIVED	GOOD		11771.0
https://www.agisoft.com/forum/index.php?topic=11803.0	https://archive.today/20260917222105/https://www.agisoft.com/forum/index.php?topic=11803.0		ARCHIVED	GOOD		11803.0
https://www.agisoft.com/forum/index.php?topic=11817.0	https://archive.today/20260917222010/https://www.agisoft.com/forum/index.php?topic=11817.0		ARCHIVED	GOOD		11817.0
https://www.agisoft.com/forum/index.php?topic=11931.0	https://archive.today/20260917222000/https://www.agisoft.com/forum/index.php?topic=11931.0		ARCHIVED	GOOD		11931.0
https://www.agisoft.com/forum/index.php?topic=12021.0	https://archive.today/20260917221957/https://www.agisoft.com/forum/index.php?topic=12021.0		ARCHIVED	GOOD		12021.0
https://www.agisoft.com/forum/index.php?topic=12036.0	https://archive.today/20260917221951/https://www.agisoft.com/forum/index.php?topic=12036.0		ARCHIVED	GOOD		12036.0
https://www.agisoft.com/forum/index.php?topic=12060.0	https://archive.today/20260917221945/https://www.agisoft.com/forum/index.php?topic=12060.0		ARCHIVED	GOOD		12060.0
https://www.agisoft.com/forum/index.php?topic=12069.0	https://archive.today/20260917221952/https://www.agisoft.com/forum/index.php?topic=12069.0		ARCHIVED	GOOD		12069.0
https://www.agisoft.com/forum/index.php?topic=12114.0	https://archive.today/20260917221949/https://www.agisoft.com/forum/index.php?topic=12114.0		ARCHIVED	GOOD		12114.0
https://www.agisoft.com/forum/index.php?topic=12235.0	https://archive.today/20260917222613/https://www.agisoft.com/forum/index.php?topic=12235.0		ARCHIVED	GOOD		12235.0
https://www.agisoft.com/forum/index.php?topic=12270.0	https://archive.today/20260917222424/https://www.agisoft.com/forum/index.php?topic=12270.0		ARCHIVED	GOOD		12270.0
https://www.agisoft.com/forum/index.php?topic=12421.0	https://archive.today/20260917222429/https://www.agisoft.com/forum/index.php?topic=12421.0		ARCHIVED	GOOD		12421.0
https://www.agisoft.com/forum/index.php?topic=12426.0	https://archive.today/20260917222422/https://www.agisoft.com/forum/index.php?topic=12426.0		ARCHIVED	GOOD		12426.0
https://www.agisoft.com/forum/index.php?topic=1247.0	https://archive.today/20260917222626/https://www.agisoft.com/forum/index.php?topic=1247.0		ARCHIVED	GOOD		1247.0
https://www.agisoft.com/forum/index.php?topic=12549.0	https://archive.today/20260917222417/https://www.agisoft.com/forum/index.php?topic=12549.0		ARCHIVED	GOOD		12549.0
https://www.agisoft.com/forum/index.php?topic=12553.0	https://archive.today/20260917222411/https://www.agisoft.com/forum/index.php?topic=12553.0		ARCHIVED	GOOD		12553.0
https://www.agisoft.com/forum/index.php?topic=12581.0	https://archive.today/20260917222519/https://www.agisoft.com/forum/index.php?topic=12581.0		ARCHIVED	GOOD		12581.0
https://www.agisoft.com/forum/index.php?topic=12596.0	https://archive.today/20260917222401/https://www.agisoft.com/forum/index.php?topic=12596.0		ARCHIVED	GOOD		12596.0
https://www.agisoft.com/forum/index.php?topic=12602.0	https://archive.today/20260917222358/https://www.agisoft.com/forum/index.php?topic=12602.0		ARCHIVED	GOOD		12602.0
https://www.agisoft.com/forum/index.php?topic=12603.0	https://archive.today/20260917222355/https://www.agisoft.com/forum/index.php?topic=12603.0		ARCHIVED	GOOD		12603.0
https://www.agisoft.com/forum/index.php?topic=12653.0	https://archive.today/20260917222350/https://www.agisoft.com/forum/index.php?topic=12653.0		ARCHIVED	GOOD		12653.0
https://www.agisoft.com/forum/index.php?topic=12730.0	https://archive.today/20260917222347/https://www.agisoft.com/forum/index.php?topic=12730.0		ARCHIVED	GOOD		12730.0
https://www.agisoft.com/forum/index.php?topic=12813.0	https://archive.today/20260917222326/https://www.agisoft.com/forum/index.php?topic=12813.0		ARCHIVED	GOOD		12813.0
https://www.agisoft.com/forum/index.php?topic=12852.0	https://archive.today/20260917222324/https://www.agisoft.com/forum/index.php?topic=12852.0		ARCHIVED	GOOD		12852.0
https://www.agisoft.com/forum/index.php?topic=13047.0	https://archive.today/20260917222323/https://www.agisoft.com/forum/index.php?topic=13047.0		ARCHIVED	GOOD		13047.0
https://www.agisoft.com/forum/index.php?topic=13066.0	https://archive.today/20260917222429/https://www.agisoft.com/forum/index.php?topic=13066.0		ARCHIVED	GOOD		13066.0
https://www.agisoft.com/forum/index.php?topic=13079.0	https://archive.today/20260917222320/https://www.agisoft.com/forum/index.php?topic=13079.0		ARCHIVED	GOOD		13079.0
https://www.agisoft.com/forum/index.php?topic=13221.0	https://archive.today/20260917222423/https://www.agisoft.com/forum/index.php?topic=13221.0		ARCHIVED	GOOD		13221.0
https://www.agisoft.com/forum/index.php?topic=13387.0	https://archive.today/20260917222315/https://www.agisoft.com/forum/index.php?topic=13387.0		ARCHIVED	GOOD		13387.0
https://www.agisoft.com/forum/index.php?topic=13684.0	https://archive.today/20260922164401/https://www.agisoft.com/forum/index.php?topic=13684.0		ARCHIVED	GOOD		13684.0
https://www.agisoft.com/forum/index.php?topic=13736.0	https://archive.today/20260922162941/https://www.agisoft.com/forum/index.php?topic=13736.0		ARCHIVED	GOOD		13736.0
https://www.agisoft.com/forum/index.php?topic=13821.0	https://archive.today/20260922162854/https://www.agisoft.com/forum/index.php?topic=13821.0		ARCHIVED	GOOD		13821.0
https://www.agisoft.com/forum/index.php?topic=141.0	https://archive.today/20260922162815/https://www.agisoft.com/forum/index.php?topic=141.0		ARCHIVED	GOOD		141.0
https://www.agisoft.com/forum/index.php?topic=14141.0	https://archive.today/20260922162700/https://www.agisoft.com/forum/index.php?topic=14141.0		ARCHIVED	GOOD		14141.0
https://www.agisoft.com/forum/index.php?topic=14150.0	https://archive.today/20260922162653/https://www.agisoft.com/forum/index.php?topic=14150.0		ARCHIVED	GOOD		14150.0
https://www.agisoft.com/forum/index.php?topic=14192.0	https://archive.today/20260922162543/https://www.agisoft.com/forum/index.php?topic=14192.0		ARCHIVED	GOOD		14192.0
https://www.agisoft.com/forum/index.php?topic=14222.0	https://archive.today/20260922162533/https://www.agisoft.com/forum/index.php?topic=14222.0		ARCHIVED	GOOD		14222.0
https://www.agisoft.com/forum/index.php?topic=14251.0	https://archive.today/20260922162528/https://www.agisoft.com/forum/index.php?topic=14251.0		ARCHIVED	GOOD		14251.0
https://www.agisoft.com/forum/index.php?topic=14276.0	https://archive.today/20260922162409/https://www.agisoft.com/forum/index.php?topic=14276.0		ARCHIVED	GOOD		14276.0
https://www.agisoft.com/forum/index.php?topic=14317.0	https://archive.today/20260922162403/https://www.agisoft.com/forum/index.php?topic=14317.0		ARCHIVED	GOOD		14317.0
https://www.agisoft.com/forum/index.php?topic=14381.0	https://archive.today/20260922162357/https://www.agisoft.com/forum/index.php?topic=14381.0		ARCHIVED	GOOD		14381.0
https://www.agisoft.com/forum/index.php?topic=14382.0	https://archive.today/20260922162308/https://www.agisoft.com/forum/index.php?topic=14382.0		ARCHIVED	GOOD		14382.0
https://www.agisoft.com/forum/index.php?topic=14453.0	https://archive.today/20260922162236/https://www.agisoft.com/forum/index.php?topic=14453.0		ARCHIVED	GOOD		14453.0
https://www.agisoft.com/forum/index.php?topic=14480.0	https://archive.today/20260922162227/https://www.agisoft.com/forum/index.php?topic=14480.0		ARCHIVED	GOOD		14480.0
https://www.agisoft.com/forum/index.php?topic=14503.0	https://archive.today/20260922162226/https://www.agisoft.com/forum/index.php?topic=14503.0		ARCHIVED	GOOD		14503.0
https://www.agisoft.com/forum/index.php?topic=14526.0	https://archive.today/20260922162109/https://www.agisoft.com/forum/index.php?topic=14526.0		ARCHIVED	GOOD		14526.0
https://www.agisoft.com/forum/index.php?topic=14670.0	https://archive.today/20260922162106/https://www.agisoft.com/forum/index.php?topic=14670.0		ARCHIVED	GOOD		14670.0
https://www.agisoft.com/forum/index.php?topic=14738.0	https://archive.today/20260922162101/https://www.agisoft.com/forum/index.php?topic=14738.0		ARCHIVED	GOOD		14738.0
https://www.agisoft.com/forum/index.php?topic=14821.0	https://archive.today/20260922162048/https://www.agisoft.com/forum/index.php?topic=14821.0		ARCHIVED	GOOD		14821.0
https://www.agisoft.com/forum/index.php?topic=15017.0	https://archive.today/20260922162559/https://www.agisoft.com/forum/index.php?topic=15017.0		ARCHIVED	GOOD		15017.0
https://www.agisoft.com/forum/index.php?topic=15021.0	https://archive.today/20260922164322/https://www.agisoft.com/forum/index.php?topic=15021.0		ARCHIVED	GOOD		15021.0
https://www.agisoft.com/forum/index.php?topic=1505.0	https://archive.today/20260922164304/https://www.agisoft.com/forum/index.php?topic=1505.0		ARCHIVED	GOOD		1505.0
https://www.agisoft.com/forum/index.php?topic=15053.0	https://archive.today/20260922164209/https://www.agisoft.com/forum/index.php?topic=15053.0		ARCHIVED	GOOD		15053.0
https://www.agisoft.com/forum/index.php?topic=15240.0	https://archive.today/20260922164155/https://www.agisoft.com/forum/index.php?topic=15240.0		ARCHIVED	GOOD		15240.0
https://www.agisoft.com/forum/index.php?topic=1526.0	https://archive.today/20260922164136/https://www.agisoft.com/forum/index.php?topic=1526.0		ARCHIVED	GOOD		1526.0
https://www.agisoft.com/forum/index.php?topic=15418.0	https://archive.today/20260922164043/https://www.agisoft.com/forum/index.php?topic=15418.0		ARCHIVED	GOOD		15418.0
https://www.agisoft.com/forum/index.php?topic=15490.0	https://archive.today/20260922164830/https://www.agisoft.com/forum/index.php?topic=15490.0		ARCHIVED	GOOD		15490.0
https://www.agisoft.com/forum/index.php?topic=15721.0	https://archive.today/20260922163909/https://www.agisoft.com/forum/index.php?topic=15721.0		ARCHIVED	GOOD		15721.0
https://www.agisoft.com/forum/index.php?topic=15903.0	https://archive.today/20260922163903/https://www.agisoft.com/forum/index.php?topic=15903.0		ARCHIVED	GOOD		15903.0
https://www.agisoft.com/forum/index.php?topic=15960.0	https://archive.today/20260922163741/https://www.agisoft.com/forum/index.php?topic=15960.0		ARCHIVED	GOOD		15960.0
https://www.agisoft.com/forum/index.php?topic=16013.0	https://archive.today/20260922163741/https://www.agisoft.com/forum/index.php?topic=16013.0		ARCHIVED	GOOD		16013.0
https://www.agisoft.com/forum/index.php?topic=16015.0	https://archive.today/20260922163610/https://www.agisoft.com/forum/index.php?topic=16015.0		ARCHIVED	GOOD		16015.0
https://www.agisoft.com/forum/index.php?topic=16052.0	https://archive.today/20260922163610/https://www.agisoft.com/forum/index.php?topic=16052.0		ARCHIVED	GOOD		16052.0
https://www.agisoft.com/forum/index.php?topic=16091.0	https://archive.today/20260922163440/https://www.agisoft.com/forum/index.php?topic=16091.0		ARCHIVED	GOOD		16091.0
https://www.agisoft.com/forum/index.php?topic=16395.0	https://archive.today/20260922163415/https://www.agisoft.com/forum/index.php?topic=16395.0		ARCHIVED	GOOD		16395.0
https://www.agisoft.com/forum/index.php?topic=16481.0	https://archive.today/20260922164633/https://www.agisoft.com/forum/index.php?topic=16481.0		ARCHIVED	GOOD		16481.0
https://www.agisoft.com/forum/index.php?topic=16516.0	https://archive.today/20260922163232/https://www.agisoft.com/forum/index.php?topic=16516.0		ARCHIVED	GOOD		16516.0
https://www.agisoft.com/forum/index.php?topic=16518.0	https://archive.today/20260922164459/https://www.agisoft.com/forum/index.php?topic=16518.0		ARCHIVED	GOOD		16518.0
https://www.agisoft.com/forum/index.php?topic=16745.0	https://archive.today/20260922164447/https://www.agisoft.com/forum/index.php?topic=16745.0		ARCHIVED	GOOD		16745.0
https://www.agisoft.com/forum/index.php?topic=16909.0	https://archive.today/20260922163652/https://www.agisoft.com/forum/index.php?topic=16909.0		ARCHIVED	GOOD		16909.0
https://www.agisoft.com/forum/index.php?topic=17024.0	https://archive.today/20260922163525/https://www.agisoft.com/forum/index.php?topic=17024.0		ARCHIVED	GOOD		17024.0
https://www.agisoft.com/forum/index.php?topic=17079.0	https://archive.today/20260922163515/https://www.agisoft.com/forum/index.php?topic=17079.0		ARCHIVED	GOOD		17079.0
https://www.agisoft.com/forum/index.php?topic=17352.0	https://archive.today/20260922163655/https://www.agisoft.com/forum/index.php?topic=17352.0		ARCHIVED	GOOD		17352.0
https://www.agisoft.com/forum/index.php?topic=17357.0	https://archive.today/20260922163815/https://www.agisoft.com/forum/index.php?topic=17357.0		ARCHIVED	GOOD		17357.0
https://www.agisoft.com/forum/index.php?topic=17361.0	https://archive.today/20260922164801/https://www.agisoft.com/forum/index.php?topic=17361.0		ARCHIVED	GOOD		17361.0
https://www.agisoft.com/forum/index.php?topic=17411.0	https://archive.today/20260922164747/https://www.agisoft.com/forum/index.php?topic=17411.0		ARCHIVED	GOOD		17411.0
https://www.agisoft.com/forum/index.php?topic=17434.0	https://archive.today/20260922164739/https://www.agisoft.com/forum/index.php?topic=17434.0		ARCHIVED	GOOD		17434.0
https://www.agisoft.com/forum/index.php?topic=17446.0	https://archive.today/20260922164646/https://www.agisoft.com/forum/index.php?topic=17446.0		ARCHIVED	GOOD		17446.0
https://www.agisoft.com/forum/index.php?topic=1748.0	https://archive.ph/GELfi	https://archive.ph/GELfi	ARCHIVED	GOOD	printpage variant; canonical topic-URL snapshot was a Connection-Problem error	1748.0
https://www.agisoft.com/forum/index.php?topic=17579.0	https://archive.today/20260922164640/https://www.agisoft.com/forum/index.php?topic=17579.0		ARCHIVED	GOOD		17579.0
https://www.agisoft.com/forum/index.php?topic=17580.0	https://archive.today/20260922164617/https://www.agisoft.com/forum/index.php?topic=17580.0		ARCHIVED	GOOD		17580.0
https://www.agisoft.com/forum/index.php?topic=17581.0	https://archive.today/20260922164519/https://www.agisoft.com/forum/index.php?topic=17581.0		ARCHIVED	GOOD		17581.0
https://www.agisoft.com/forum/index.php?topic=17595.0	https://archive.today/20260922164517/https://www.agisoft.com/forum/index.php?topic=17595.0		ARCHIVED	GOOD		17595.0
https://www.agisoft.com/forum/index.php?topic=1868.0	https://archive.today/20260922164452/https://www.agisoft.com/forum/index.php?topic=1868.0		ARCHIVED	GOOD		1868.0
https://www.agisoft.com/forum/index.php?topic=1886.0	https://archive.today/20260922163809/https://www.agisoft.com/forum/index.php?topic=1886.0		ARCHIVED	GOOD		1886.0
https://www.agisoft.com/forum/index.php?topic=2104.0	https://archive.today/20260922163615/https://www.agisoft.com/forum/index.php?topic=2104.0		ARCHIVED	GOOD		2104.0
https://www.agisoft.com/forum/index.php?topic=2150.0	https://archive.today/20260922163449/https://www.agisoft.com/forum/index.php?topic=2150.0		ARCHIVED	GOOD		2150.0
https://www.agisoft.com/forum/index.php?topic=2314.0	https://archive.today/20260922162732/https://www.agisoft.com/forum/index.php?topic=2314.0		ARCHIVED	GOOD		2314.0
https://www.agisoft.com/forum/index.php?topic=232.0	https://archive.today/20260922164826/https://www.agisoft.com/forum/index.php?topic=232.0		ARCHIVED	GOOD		232.0
https://www.agisoft.com/forum/index.php?topic=2572.0	https://archive.today/20260922164353/https://www.agisoft.com/forum/index.php?topic=2572.0		ARCHIVED	GOOD		2572.0
https://www.agisoft.com/forum/index.php?topic=2587.0	https://archive.today/20260922164322/https://www.agisoft.com/forum/index.php?topic=2587.0		ARCHIVED	GOOD		2587.0
https://www.agisoft.com/forum/index.php?topic=2666.0	https://archive.today/20260922164231/https://www.agisoft.com/forum/index.php?topic=2666.0		ARCHIVED	GOOD		2666.0
https://www.agisoft.com/forum/index.php?topic=2728.0	https://archive.today/20260922164205/https://www.agisoft.com/forum/index.php?topic=2728.0		ARCHIVED	GOOD		2728.0
https://www.agisoft.com/forum/index.php?topic=2768.0	https://archive.today/20260922164158/https://www.agisoft.com/forum/index.php?topic=2768.0		ARCHIVED	GOOD		2768.0
https://www.agisoft.com/forum/index.php?topic=2901.0	https://archive.today/20260922164102/https://www.agisoft.com/forum/index.php?topic=2901.0		ARCHIVED	GOOD		2901.0
https://www.agisoft.com/forum/index.php?topic=3008.0	https://archive.today/20260922164041/https://www.agisoft.com/forum/index.php?topic=3008.0		ARCHIVED	GOOD		3008.0
https://www.agisoft.com/forum/index.php?topic=3071.0	https://archive.today/20260922163938/https://www.agisoft.com/forum/index.php?topic=3071.0		ARCHIVED	GOOD		3071.0
https://www.agisoft.com/forum/index.php?topic=3325.0	https://archive.today/20260922163912/https://www.agisoft.com/forum/index.php?topic=3325.0		ARCHIVED	GOOD		3325.0
https://www.agisoft.com/forum/index.php?topic=335.0	https://archive.today/20260922163749/https://www.agisoft.com/forum/index.php?topic=335.0		ARCHIVED	GOOD		335.0
https://www.agisoft.com/forum/index.php?topic=3351.0	https://archive.today/20260922163614/https://www.agisoft.com/forum/index.php?topic=3351.0		ARCHIVED	GOOD		3351.0
https://www.agisoft.com/forum/index.php?topic=3371.0	https://archive.today/20260922163450/https://www.agisoft.com/forum/index.php?topic=3371.0		ARCHIVED	GOOD		3371.0
https://www.agisoft.com/forum/index.php?topic=3525.0	https://archive.today/20260922164354/https://www.agisoft.com/forum/index.php?topic=3525.0		ARCHIVED	GOOD		3525.0
https://www.agisoft.com/forum/index.php?topic=3599.0	https://archive.today/20260922163316/https://www.agisoft.com/forum/index.php?topic=3599.0		ARCHIVED	GOOD		3599.0
https://www.agisoft.com/forum/index.php?topic=3849.0	https://archive.today/20260922163157/https://www.agisoft.com/forum/index.php?topic=3849.0		ARCHIVED	GOOD		3849.0
https://www.agisoft.com/forum/index.php?topic=3901.0	https://archive.today/20260922163156/https://www.agisoft.com/forum/index.php?topic=3901.0		ARCHIVED	GOOD		3901.0
https://www.agisoft.com/forum/index.php?topic=3996.0	https://archive.today/20260922163037/https://www.agisoft.com/forum/index.php?topic=3996.0		ARCHIVED	GOOD		3996.0
https://www.agisoft.com/forum/index.php?topic=4425.0	https://archive.today/20260922163028/https://www.agisoft.com/forum/index.php?topic=4425.0		ARCHIVED	GOOD		4425.0
https://www.agisoft.com/forum/index.php?topic=4443.0	https://archive.today/20260922162907/https://www.agisoft.com/forum/index.php?topic=4443.0		ARCHIVED	GOOD		4443.0
https://www.agisoft.com/forum/index.php?topic=4569.0	https://archive.today/20260922162831/https://www.agisoft.com/forum/index.php?topic=4569.0		ARCHIVED	GOOD		4569.0
https://www.agisoft.com/forum/index.php?topic=4671.0	https://archive.today/20260922165500/https://www.agisoft.com/forum/index.php?topic=4671.0		ARCHIVED	GOOD		4671.0
https://www.agisoft.com/forum/index.php?topic=4745.0	https://archive.today/20260922165458/https://www.agisoft.com/forum/index.php?topic=4745.0		ARCHIVED	GOOD		4745.0
https://www.agisoft.com/forum/index.php?topic=4766.0	https://archive.today/20260922165350/https://www.agisoft.com/forum/index.php?topic=4766.0		ARCHIVED	GOOD		4766.0
https://www.agisoft.com/forum/index.php?topic=4841.0	https://archive.today/20260922165335/https://www.agisoft.com/forum/index.php?topic=4841.0		ARCHIVED	GOOD		4841.0
https://www.agisoft.com/forum/index.php?topic=4853.0	https://archive.today/20260922165337/https://www.agisoft.com/forum/index.php?topic=4853.0		ARCHIVED	GOOD		4853.0
https://www.agisoft.com/forum/index.php?topic=4901.0	https://archive.today/20260922165240/https://www.agisoft.com/forum/index.php?topic=4901.0		ARCHIVED	GOOD		4901.0
https://www.agisoft.com/forum/index.php?topic=4947.0	https://archive.today/20260922165232/https://www.agisoft.com/forum/index.php?topic=4947.0		ARCHIVED	GOOD		4947.0
https://www.agisoft.com/forum/index.php?topic=5037.0	https://archive.today/20260922165635/https://www.agisoft.com/forum/index.php?topic=5037.0		ARCHIVED	GOOD		5037.0
https://www.agisoft.com/forum/index.php?topic=5061.0	https://archive.today/20260922165213/https://www.agisoft.com/forum/index.php?topic=5061.0		ARCHIVED	GOOD		5061.0
https://www.agisoft.com/forum/index.php?topic=512.0	https://archive.today/20260922165206/https://www.agisoft.com/forum/index.php?topic=512.0		ARCHIVED	GOOD		512.0
https://www.agisoft.com/forum/index.php?topic=5144.0	https://archive.today/20260922165134/https://www.agisoft.com/forum/index.php?topic=5144.0		ARCHIVED	GOOD		5144.0
https://www.agisoft.com/forum/index.php?topic=5255.0	https://archive.today/20260922165115/https://www.agisoft.com/forum/index.php?topic=5255.0		ARCHIVED	GOOD		5255.0
https://www.agisoft.com/forum/index.php?topic=5267.0	https://archive.today/20260922165111/https://www.agisoft.com/forum/index.php?topic=5267.0		ARCHIVED	GOOD		5267.0
https://www.agisoft.com/forum/index.php?topic=5322.0	https://archive.today/20260922165102/https://www.agisoft.com/forum/index.php?topic=5322.0		ARCHIVED	GOOD		5322.0
https://www.agisoft.com/forum/index.php?topic=5359.0	https://archive.today/20260922165049/https://www.agisoft.com/forum/index.php?topic=5359.0		ARCHIVED	GOOD		5359.0
https://www.agisoft.com/forum/index.php?topic=5381.0	https://archive.today/20260922165626/https://www.agisoft.com/forum/index.php?topic=5381.0		ARCHIVED	GOOD		5381.0
https://www.agisoft.com/forum/index.php?topic=5454.0	https://archive.today/20260922164947/https://www.agisoft.com/forum/index.php?topic=5454.0		ARCHIVED	GOOD		5454.0
https://www.agisoft.com/forum/index.php?topic=5553.0	https://archive.today/20260922164945/https://www.agisoft.com/forum/index.php?topic=5553.0		ARCHIVED	GOOD		5553.0
https://www.agisoft.com/forum/index.php?topic=5585.0	https://archive.today/20260922165527/https://www.agisoft.com/forum/index.php?topic=5585.0		ARCHIVED	GOOD		5585.0
https://www.agisoft.com/forum/index.php?topic=563.0	https://archive.today/20260922164924/https://www.agisoft.com/forum/index.php?topic=563.0		ARCHIVED	GOOD		563.0
https://www.agisoft.com/forum/index.php?topic=5837.0	https://archive.today/20260922164758/https://www.agisoft.com/forum/index.php?topic=5837.0		ARCHIVED	GOOD		5837.0
https://www.agisoft.com/forum/index.php?topic=600.0	https://archive.today/20260922164750/https://www.agisoft.com/forum/index.php?topic=600.0		ARCHIVED	GOOD		600.0
https://www.agisoft.com/forum/index.php?topic=6074.0	https://archive.today/20260922164707/https://www.agisoft.com/forum/index.php?topic=6074.0		ARCHIVED	GOOD		6074.0
https://www.agisoft.com/forum/index.php?topic=6084.0	https://archive.today/20260922164708/https://www.agisoft.com/forum/index.php?topic=6084.0		ARCHIVED	GOOD		6084.0
https://www.agisoft.com/forum/index.php?topic=6111.0	https://archive.today/20260922165526/https://www.agisoft.com/forum/index.php?topic=6111.0		ARCHIVED	GOOD		6111.0
https://www.agisoft.com/forum/index.php?topic=6126.0	https://archive.today/20260922164621/https://www.agisoft.com/forum/index.php?topic=6126.0		ARCHIVED	GOOD		6126.0
https://www.agisoft.com/forum/index.php?topic=6147.0	https://archive.today/20260922164535/https://www.agisoft.com/forum/index.php?topic=6147.0		ARCHIVED	GOOD		6147.0
https://www.agisoft.com/forum/index.php?topic=6258.0	https://archive.today/20260922164538/https://www.agisoft.com/forum/index.php?topic=6258.0		ARCHIVED	GOOD		6258.0
https://www.agisoft.com/forum/index.php?topic=6306.0	https://archive.today/20260922164409/https://www.agisoft.com/forum/index.php?topic=6306.0		ARCHIVED	GOOD		6306.0
https://www.agisoft.com/forum/index.php?topic=6635.0	https://archive.today/20260922164328/https://www.agisoft.com/forum/index.php?topic=6635.0		ARCHIVED	GOOD		6635.0
https://www.agisoft.com/forum/index.php?topic=6644.0	https://archive.today/20260922164233/https://www.agisoft.com/forum/index.php?topic=6644.0		ARCHIVED	GOOD		6644.0
https://www.agisoft.com/forum/index.php?topic=6691.0	https://archive.today/20260922164156/https://www.agisoft.com/forum/index.php?topic=6691.0		ARCHIVED	GOOD		6691.0
https://www.agisoft.com/forum/index.php?topic=6992.0	https://archive.today/20260922165527/https://www.agisoft.com/forum/index.php?topic=6992.0		ARCHIVED	GOOD		6992.0
https://www.agisoft.com/forum/index.php?topic=6995.0	https://archive.today/20260922164012/https://www.agisoft.com/forum/index.php?topic=6995.0		ARCHIVED	GOOD		6995.0
https://www.agisoft.com/forum/index.php?topic=7020.0	https://archive.today/20260922163848/https://www.agisoft.com/forum/index.php?topic=7020.0		ARCHIVED	GOOD		7020.0
https://www.agisoft.com/forum/index.php?topic=7056.0	https://archive.today/20260922163702/https://www.agisoft.com/forum/index.php?topic=7056.0		ARCHIVED	GOOD		7056.0
https://www.agisoft.com/forum/index.php?topic=7277.0	https://archive.today/20260922163529/https://www.agisoft.com/forum/index.php?topic=7277.0		ARCHIVED	GOOD		7277.0
https://www.agisoft.com/forum/index.php?topic=738.0	https://archive.today/20260922165449/https://www.agisoft.com/forum/index.php?topic=738.0		ARCHIVED	GOOD		738.0
https://www.agisoft.com/forum/index.php?topic=7543.0	https://archive.today/20260922163223/https://www.agisoft.com/forum/index.php?topic=7543.0		ARCHIVED	GOOD		7543.0
https://www.agisoft.com/forum/index.php?topic=764.0	https://archive.today/20260922163152/https://www.agisoft.com/forum/index.php?topic=764.0		ARCHIVED	GOOD		764.0
https://www.agisoft.com/forum/index.php?topic=7644.0	https://archive.today/20260922164457/https://www.agisoft.com/forum/index.php?topic=7644.0		ARCHIVED	GOOD		7644.0
https://www.agisoft.com/forum/index.php?topic=7772.0	https://archive.today/20260922164400/https://www.agisoft.com/forum/index.php?topic=7772.0		ARCHIVED	GOOD		7772.0
https://www.agisoft.com/forum/index.php?topic=7977.0	https://archive.today/20260922164229/https://www.agisoft.com/forum/index.php?topic=7977.0		ARCHIVED	GOOD		7977.0
https://www.agisoft.com/forum/index.php?topic=8019.0	https://archive.today/20260922164106/https://www.agisoft.com/forum/index.php?topic=8019.0		ARCHIVED	GOOD		8019.0
https://www.agisoft.com/forum/index.php?topic=8054.0	https://archive.today/20260922163940/https://www.agisoft.com/forum/index.php?topic=8054.0		ARCHIVED	GOOD		8054.0
https://www.agisoft.com/forum/index.php?topic=8140.0	https://archive.today/20260922163814/https://www.agisoft.com/forum/index.php?topic=8140.0		ARCHIVED	GOOD		8140.0
https://www.agisoft.com/forum/index.php?topic=8227.0	https://archive.today/20260922163648/https://www.agisoft.com/forum/index.php?topic=8227.0		ARCHIVED	GOOD		8227.0
https://www.agisoft.com/forum/index.php?topic=8284.0	https://archive.today/20260922163458/https://www.agisoft.com/forum/index.php?topic=8284.0		ARCHIVED	GOOD		8284.0
https://www.agisoft.com/forum/index.php?topic=8306.0	https://archive.today/20260922163349/https://www.agisoft.com/forum/index.php?topic=8306.0		ARCHIVED	GOOD		8306.0
https://www.agisoft.com/forum/index.php?topic=8315.0	https://archive.today/20260922165352/https://www.agisoft.com/forum/index.php?topic=8315.0		ARCHIVED	GOOD		8315.0
https://www.agisoft.com/forum/index.php?topic=8444.0	https://archive.today/20260922165347/https://www.agisoft.com/forum/index.php?topic=8444.0		ARCHIVED	GOOD		8444.0
https://www.agisoft.com/forum/index.php?topic=8548.0	https://archive.today/20260922165312/https://www.agisoft.com/forum/index.php?topic=8548.0		ARCHIVED	GOOD		8548.0
https://www.agisoft.com/forum/index.php?topic=8879.0	https://archive.today/20260922165252/https://www.agisoft.com/forum/index.php?topic=8879.0		ARCHIVED	GOOD		8879.0
https://www.agisoft.com/forum/index.php?topic=8946.0	https://archive.today/20260922165229/https://www.agisoft.com/forum/index.php?topic=8946.0		ARCHIVED	GOOD		8946.0
https://www.agisoft.com/forum/index.php?topic=8967.0	https://archive.today/20260922165222/https://www.agisoft.com/forum/index.php?topic=8967.0		ARCHIVED	GOOD		8967.0
https://www.agisoft.com/forum/index.php?topic=8978.0	https://archive.today/20260922165212/https://www.agisoft.com/forum/index.php?topic=8978.0		ARCHIVED	GOOD		8978.0
https://www.agisoft.com/forum/index.php?topic=8984.0	https://archive.today/20260922165616/https://www.agisoft.com/forum/index.php?topic=8984.0		ARCHIVED	GOOD		8984.0
https://www.agisoft.com/forum/index.php?topic=9018.0	https://archive.today/20260922165133/https://www.agisoft.com/forum/index.php?topic=9018.0		ARCHIVED	GOOD		9018.0
https://www.agisoft.com/forum/index.php?topic=9240.0	https://archive.today/20260922165115/https://www.agisoft.com/forum/index.php?topic=9240.0		ARCHIVED	GOOD		9240.0
https://www.agisoft.com/forum/index.php?topic=9244.0	https://archive.today/20260922165101/https://www.agisoft.com/forum/index.php?topic=9244.0		ARCHIVED	GOOD		9244.0
https://www.agisoft.com/forum/index.php?topic=9404.0	https://archive.today/20260922165059/https://www.agisoft.com/forum/index.php?topic=9404.0		ARCHIVED	GOOD		9404.0
https://www.agisoft.com/forum/index.php?topic=9565.0	https://archive.today/20260922165048/https://www.agisoft.com/forum/index.php?topic=9565.0		ARCHIVED	GOOD		9565.0
https://www.agisoft.com/forum/index.php?topic=9587.0	https://archive.today/20260922165007/https://www.agisoft.com/forum/index.php?topic=9587.0		ARCHIVED	GOOD		9587.0
https://www.agisoft.com/forum/index.php?topic=9612.0	https://archive.today/20260922164946/https://www.agisoft.com/forum/index.php?topic=9612.0		ARCHIVED	GOOD		9612.0
https://www.agisoft.com/forum/index.php?topic=9689.0	https://archive.today/20260922164928/https://www.agisoft.com/forum/index.php?topic=9689.0		ARCHIVED	GOOD		9689.0
https://www.agisoft.com/forum/index.php?topic=9793.0	https://archive.today/20260922164918/https://www.agisoft.com/forum/index.php?topic=9793.0		ARCHIVED	GOOD		9793.0
https://www.agisoft.com/forum/index.php?topic=9910.0	https://archive.today/20260922164836/https://www.agisoft.com/forum/index.php?topic=9910.0		ARCHIVED	GOOD		9910.0
