thread_url	wayback_save_url
https://www.agisoft.com/forum/index.php?topic=10129.0	https://web.archive.org/save/https://www.agisoft.com/forum/index.php?topic=10129.0
https://www.agisoft.com/forum/index.php?topic=10245.0	https://web.archive.org/save/https://www.agisoft.com/forum/index.php?topic=10245.0
https://www.agisoft.com/forum/index.php?topic=10250.0	https://web.archive.org/save/https://www.agisoft.com/forum/index.php?topic=10250.0
https://www.agisoft.com/forum/index.php?topic=10266.0	https://web.archive.org/save/https://www.agisoft.com/forum/index.php?topic=10266.0
https://www.agisoft.com/forum/index.php?topic=10304.0	https://web.archive.org/save/https://www.agisoft.com/forum/index.php?topic=10304.0
https://www.agisoft.com/forum/index.php?topic=10415.0	https://web.archive.org/save/https://www.agisoft.com/forum/index.php?topic=10415.0
https://www.agisoft.com/forum/index.php?topic=10450.0	https://web.archive.org/save/https://www.agisoft.com/forum/index.php?topic=10450.0
https://www.agisoft.com/forum/index.php?topic=10615.0	https://web.archive.org/save/https://www.agisoft.com/forum/index.php?topic=10615.0
https://www.agisoft.com/forum/index.php?topic=10720.0	https://web.archive.org/save/https://www.agisoft.com/forum/index.php?topic=10720.0
https://www.agisoft.com/forum/index.php?topic=10802.0	https://web.archive.org/save/https://www.agisoft.com/forum/index.php?topic=10802.0
https://www.agisoft.com/forum/index.php?topic=10816.0	https://web.archive.org/save/https://www.agisoft.com/forum/index.php?topic=10816.0
https://www.agisoft.com/forum/index.php?topic=10828.0	https://web.archive.org/save/https://www.agisoft.com/forum/index.php?topic=10828.0
https://www.agisoft.com/forum/index.php?topic=10834.0	https://web.archive.org/save/https://www.agisoft.com/forum/index.php?topic=10834.0
https://www.agisoft.com/forum/index.php?topic=10848.0	https://web.archive.org/save/https://www.agisoft.com/forum/index.php?topic=10848.0
https://www.agisoft.com/forum/index.php?topic=10905.0	https://web.archive.org/save/https://www.agisoft.com/forum/index.php?topic=10905.0
https://www.agisoft.com/forum/index.php?topic=11068.0	https://web.archive.org/save/https://www.agisoft.com/forum/index.php?topic=11068.0
https://www.agisoft.com/forum/index.php?topic=11077.0	https://web.archive.org/save/https://www.agisoft.com/forum/index.php?topic=11077.0
https://www.agisoft.com/forum/index.php?topic=1108.0	https://web.archive.org/save/https://www.agisoft.com/forum/index.php?topic=1108.0
https://www.agisoft.com/forum/index.php?topic=11105.0	https://web.archive.org/save/https://www.agisoft.com/forum/index.php?topic=11105.0
https://www.agisoft.com/forum/index.php?topic=11120.0	https://web.archive.org/save/https://www.agisoft.com/forum/index.php?topic=11120.0
https://www.agisoft.com/forum/index.php?topic=11129.0	https://web.archive.org/save/https://www.agisoft.com/forum/index.php?topic=11129.0
https://www.agisoft.com/forum/index.php?topic=11148.0	https://web.archive.org/save/https://www.agisoft.com/forum/index.php?topic=11148.0
https://www.agisoft.com/forum/index.php?topic=11153.0	https://web.archive.org/save/https://www.agisoft.com/forum/index.php?topic=11153.0
https://www.agisoft.com/forum/index.php?topic=11164.0	https://web.archive.org/save/https://www.agisoft.com/forum/index.php?topic=11164.0
https://www.agisoft.com/forum/index.php?topic=11173.0	https://web.archive.org/save/https://www.agisoft.com/forum/index.php?topic=11173.0
https://www.agisoft.com/forum/index.php?topic=11286.0	https://web.archive.org/save/https://www.agisoft.com/forum/index.php?topic=11286.0
https://www.agisoft.com/forum/index.php?topic=11404.0	https://web.archive.org/save/https://www.agisoft.com/forum/index.php?topic=11404.0
https://www.agisoft.com/forum/index.php?topic=11491.0	https://web.archive.org/save/https://www.agisoft.com/forum/index.php?topic=11491.0
https://www.agisoft.com/forum/index.php?topic=11506.0	https://web.archive.org/save/https://www.agisoft.com/forum/index.php?topic=11506.0
https://www.agisoft.com/forum/index.php?topic=11548.0	https://web.archive.org/save/https://www.agisoft.com/forum/index.php?topic=11548.0
https://www.agisoft.com/forum/index.php?topic=11630.0	https://web.archive.org/save/https://www.agisoft.com/forum/index.php?topic=11630.0
https://www.agisoft.com/forum/index.php?topic=11771.0	https://web.archive.org/save/https://www.agisoft.com/forum/index.php?topic=11771.0
https://www.agisoft.com/forum/index.php?topic=11803.0	https://web.archive.org/save/https://www.agisoft.com/forum/index.php?topic=11803.0
https://www.agisoft.com/forum/index.php?topic=11817.0	https://web.archive.org/save/https://www.agisoft.com/forum/index.php?topic=11817.0
https://www.agisoft.com/forum/index.php?topic=11931.0	https://web.archive.org/save/https://www.agisoft.com/forum/index.php?topic=11931.0
https://www.agisoft.com/forum/index.php?topic=12021.0	https://web.archive.org/save/https://www.agisoft.com/forum/index.php?topic=12021.0
https://www.agisoft.com/forum/index.php?topic=12036.0	https://web.archive.org/save/https://www.agisoft.com/forum/index.php?topic=12036.0
https://www.agisoft.com/forum/index.php?topic=12060.0	https://web.archive.org/save/https://www.agisoft.com/forum/index.php?topic=12060.0
https://www.agisoft.com/forum/index.php?topic=12069.0	https://web.archive.org/save/https://www.agisoft.com/forum/index.php?topic=12069.0
https://www.agisoft.com/forum/index.php?topic=12114.0	https://web.archive.org/save/https://www.agisoft.com/forum/index.php?topic=12114.0
https://www.agisoft.com/forum/index.php?topic=12235.0	https://web.archive.org/save/https://www.agisoft.com/forum/index.php?topic=12235.0
https://www.agisoft.com/forum/index.php?topic=12270.0	https://web.archive.org/save/https://www.agisoft.com/forum/index.php?topic=12270.0
https://www.agisoft.com/forum/index.php?topic=12421.0	https://web.archive.org/save/https://www.agisoft.com/forum/index.php?topic=12421.0
https://www.agisoft.com/forum/index.php?topic=12426.0	https://web.archive.org/save/https://www.agisoft.com/forum/index.php?topic=12426.0
https://www.agisoft.com/forum/index.php?topic=1247.0	https://web.archive.org/save/https://www.agisoft.com/forum/index.php?topic=1247.0
https://www.agisoft.com/forum/index.php?topic=12549.0	https://web.archive.org/save/https://www.agisoft.com/forum/index.php?topic=12549.0
https://www.agisoft.com/forum/index.php?topic=12553.0	https://web.archive.org/save/https://www.agisoft.com/forum/index.php?topic=12553.0
https://www.agisoft.com/forum/index.php?topic=12581.0	https://web.archive.org/save/https://www.agisoft.com/forum/index.php?topic=12581.0
https://www.agisoft.com/forum/index.php?topic=12596.0	https://web.archive.org/save/https://www.agisoft.com/forum/index.php?topic=12596.0
https://www.agisoft.com/forum/index.php?topic=12602.0	https://web.archive.org/save/https://www.agisoft.com/forum/index.php?topic=12602.0
https://www.agisoft.com/forum/index.php?topic=12603.0	https://web.archive.org/save/https://www.agisoft.com/forum/index.php?topic=12603.0
https://www.agisoft.com/forum/index.php?topic=12653.0	https://web.archive.org/save/https://www.agisoft.com/forum/index.php?topic=12653.0
https://www.agisoft.com/forum/index.php?topic=12730.0	https://web.archive.org/save/https://www.agisoft.com/forum/index.php?topic=12730.0
https://www.agisoft.com/forum/index.php?topic=12813.0	https://web.archive.org/save/https://www.agisoft.com/forum/index.php?topic=12813.0
https://www.agisoft.com/forum/index.php?topic=12852.0	https://web.archive.org/save/https://www.agisoft.com/forum/index.php?topic=12852.0
https://www.agisoft.com/forum/index.php?topic=13047.0	https://web.archive.org/save/https://www.agisoft.com/forum/index.php?topic=13047.0
https://www.agisoft.com/forum/index.php?topic=13066.0	https://web.archive.org/save/https://www.agisoft.com/forum/index.php?topic=13066.0
https://www.agisoft.com/forum/index.php?topic=13079.0	https://web.archive.org/save/https://www.agisoft.com/forum/index.php?topic=13079.0
https://www.agisoft.com/forum/index.php?topic=13221.0	https://web.archive.org/save/https://www.agisoft.com/forum/index.php?topic=13221.0
https://www.agisoft.com/forum/index.php?topic=13387.0	https://web.archive.org/save/https://www.agisoft.com/forum/index.php?topic=13387.0
https://www.agisoft.com/forum/index.php?topic=13684.0	https://web.archive.org/save/https://www.agisoft.com/forum/index.php?topic=13684.0
https://www.agisoft.com/forum/index.php?topic=13736.0	https://web.archive.org/save/https://www.agisoft.com/forum/index.php?topic=13736.0
https://www.agisoft.com/forum/index.php?topic=13821.0	https://web.archive.org/save/https://www.agisoft.com/forum/index.php?topic=13821.0
https://www.agisoft.com/forum/index.php?topic=141.0	https://web.archive.org/save/https://www.agisoft.com/forum/index.php?topic=141.0
https://www.agisoft.com/forum/index.php?topic=14141.0	https://web.archive.org/save/https://www.agisoft.com/forum/index.php?topic=14141.0
https://www.agisoft.com/forum/index.php?topic=14150.0	https://web.archive.org/save/https://www.agisoft.com/forum/index.php?topic=14150.0
https://www.agisoft.com/forum/index.php?topic=14192.0	https://web.archive.org/save/https://www.agisoft.com/forum/index.php?topic=14192.0
https://www.agisoft.com/forum/index.php?topic=14222.0	https://web.archive.org/save/https://www.agisoft.com/forum/index.php?topic=14222.0
https://www.agisoft.com/forum/index.php?topic=14251.0	https://web.archive.org/save/https://www.agisoft.com/forum/index.php?topic=14251.0
https://www.agisoft.com/forum/index.php?topic=14276.0	https://web.archive.org/save/https://www.agisoft.com/forum/index.php?topic=14276.0
https://www.agisoft.com/forum/index.php?topic=14317.0	https://web.archive.org/save/https://www.agisoft.com/forum/index.php?topic=14317.0
https://www.agisoft.com/forum/index.php?topic=14381.0	https://web.archive.org/save/https://www.agisoft.com/forum/index.php?topic=14381.0
https://www.agisoft.com/forum/index.php?topic=14382.0	https://web.archive.org/save/https://www.agisoft.com/forum/index.php?topic=14382.0
https://www.agisoft.com/forum/index.php?topic=14453.0	https://web.archive.org/save/https://www.agisoft.com/forum/index.php?topic=14453.0
https://www.agisoft.com/forum/index.php?topic=14480.0	https://web.archive.org/save/https://www.agisoft.com/forum/index.php?topic=14480.0
https://www.agisoft.com/forum/index.php?topic=14503.0	https://web.archive.org/save/https://www.agisoft.com/forum/index.php?topic=14503.0
https://www.agisoft.com/forum/index.php?topic=14526.0	https://web.archive.org/save/https://www.agisoft.com/forum/index.php?topic=14526.0
https://www.agisoft.com/forum/index.php?topic=14670.0	https://web.archive.org/save/https://www.agisoft.com/forum/index.php?topic=14670.0
https://www.agisoft.com/forum/index.php?topic=14738.0	https://web.archive.org/save/https://www.agisoft.com/forum/index.php?topic=14738.0
https://www.agisoft.com/forum/index.php?topic=14821.0	https://web.archive.org/save/https://www.agisoft.com/forum/index.php?topic=14821.0
https://www.agisoft.com/forum/index.php?topic=15017.0	https://web.archive.org/save/https://www.agisoft.com/forum/index.php?topic=15017.0
https://www.agisoft.com/forum/index.php?topic=15021.0	https://web.archive.org/save/https://www.agisoft.com/forum/index.php?topic=15021.0
https://www.agisoft.com/forum/index.php?topic=1505.0	https://web.archive.org/save/https://www.agisoft.com/forum/index.php?topic=1505.0
https://www.agisoft.com/forum/index.php?topic=15053.0	https://web.archive.org/save/https://www.agisoft.com/forum/index.php?topic=15053.0
https://www.agisoft.com/forum/index.php?topic=15240.0	https://web.archive.org/save/https://www.agisoft.com/forum/index.php?topic=15240.0
https://www.agisoft.com/forum/index.php?topic=1526.0	https://web.archive.org/save/https://www.agisoft.com/forum/index.php?topic=1526.0
https://www.agisoft.com/forum/index.php?topic=15418.0	https://web.archive.org/save/https://www.agisoft.com/forum/index.php?topic=15418.0
https://www.agisoft.com/forum/index.php?topic=15490.0	https://web.archive.org/save/https://www.agisoft.com/forum/index.php?topic=15490.0
https://www.agisoft.com/forum/index.php?topic=15721.0	https://web.archive.org/save/https://www.agisoft.com/forum/index.php?topic=15721.0
https://www.agisoft.com/forum/index.php?topic=15903.0	https://web.archive.org/save/https://www.agisoft.com/forum/index.php?topic=15903.0
https://www.agisoft.com/forum/index.php?topic=15960.0	https://web.archive.org/save/https://www.agisoft.com/forum/index.php?topic=15960.0
https://www.agisoft.com/forum/index.php?topic=16013.0	https://web.archive.org/save/https://www.agisoft.com/forum/index.php?topic=16013.0
https://www.agisoft.com/forum/index.php?topic=16015.0	https://web.archive.org/save/https://www.agisoft.com/forum/index.php?topic=16015.0
https://www.agisoft.com/forum/index.php?topic=16052.0	https://web.archive.org/save/https://www.agisoft.com/forum/index.php?topic=16052.0
https://www.agisoft.com/forum/index.php?topic=16091.0	https://web.archive.org/save/https://www.agisoft.com/forum/index.php?topic=16091.0
https://www.agisoft.com/forum/index.php?topic=16395.0	https://web.archive.org/save/https://www.agisoft.com/forum/index.php?topic=16395.0
https://www.agisoft.com/forum/index.php?topic=16481.0	https://web.archive.org/save/https://www.agisoft.com/forum/index.php?topic=16481.0
https://www.agisoft.com/forum/index.php?topic=16516.0	https://web.archive.org/save/https://www.agisoft.com/forum/index.php?topic=16516.0
https://www.agisoft.com/forum/index.php?topic=16518.0	https://web.archive.org/save/https://www.agisoft.com/forum/index.php?topic=16518.0
https://www.agisoft.com/forum/index.php?topic=16745.0	https://web.archive.org/save/https://www.agisoft.com/forum/index.php?topic=16745.0
https://www.agisoft.com/forum/index.php?topic=16909.0	https://web.archive.org/save/https://www.agisoft.com/forum/index.php?topic=16909.0
https://www.agisoft.com/forum/index.php?topic=17024.0	https://web.archive.org/save/https://www.agisoft.com/forum/index.php?topic=17024.0
https://www.agisoft.com/forum/index.php?topic=17079.0	https://web.archive.org/save/https://www.agisoft.com/forum/index.php?topic=17079.0
https://www.agisoft.com/forum/index.php?topic=17352.0	https://web.archive.org/save/https://www.agisoft.com/forum/index.php?topic=17352.0
https://www.agisoft.com/forum/index.php?topic=17357.0	https://web.archive.org/save/https://www.agisoft.com/forum/index.php?topic=17357.0
https://www.agisoft.com/forum/index.php?topic=17361.0	https://web.archive.org/save/https://www.agisoft.com/forum/index.php?topic=17361.0
https://www.agisoft.com/forum/index.php?topic=17411.0	https://web.archive.org/save/https://www.agisoft.com/forum/index.php?topic=17411.0
https://www.agisoft.com/forum/index.php?topic=17434.0	https://web.archive.org/save/https://www.agisoft.com/forum/index.php?topic=17434.0
https://www.agisoft.com/forum/index.php?topic=17446.0	https://web.archive.org/save/https://www.agisoft.com/forum/index.php?topic=17446.0
https://www.agisoft.com/forum/index.php?topic=1748.0	https://web.archive.org/save/https://www.agisoft.com/forum/index.php?topic=1748.0
https://www.agisoft.com/forum/index.php?topic=17579.0	https://web.archive.org/save/https://www.agisoft.com/forum/index.php?topic=17579.0
https://www.agisoft.com/forum/index.php?topic=17580.0	https://web.archive.org/save/https://www.agisoft.com/forum/index.php?topic=17580.0
https://www.agisoft.com/forum/index.php?topic=17581.0	https://web.archive.org/save/https://www.agisoft.com/forum/index.php?topic=17581.0
https://www.agisoft.com/forum/index.php?topic=17595.0	https://web.archive.org/save/https://www.agisoft.com/forum/index.php?topic=17595.0
https://www.agisoft.com/forum/index.php?topic=1868.0	https://web.archive.org/save/https://www.agisoft.com/forum/index.php?topic=1868.0
https://www.agisoft.com/forum/index.php?topic=1886.0	https://web.archive.org/save/https://www.agisoft.com/forum/index.php?topic=1886.0
https://www.agisoft.com/forum/index.php?topic=2104.0	https://web.archive.org/save/https://www.agisoft.com/forum/index.php?topic=2104.0
https://www.agisoft.com/forum/index.php?topic=2150.0	https://web.archive.org/save/https://www.agisoft.com/forum/index.php?topic=2150.0
https://www.agisoft.com/forum/index.php?topic=2314.0	https://web.archive.org/save/https://www.agisoft.com/forum/index.php?topic=2314.0
https://www.agisoft.com/forum/index.php?topic=232.0	https://web.archive.org/save/https://www.agisoft.com/forum/index.php?topic=232.0
https://www.agisoft.com/forum/index.php?topic=2572.0	https://web.archive.org/save/https://www.agisoft.com/forum/index.php?topic=2572.0
https://www.agisoft.com/forum/index.php?topic=2587.0	https://web.archive.org/save/https://www.agisoft.com/forum/index.php?topic=2587.0
https://www.agisoft.com/forum/index.php?topic=2666.0	https://web.archive.org/save/https://www.agisoft.com/forum/index.php?topic=2666.0
https://www.agisoft.com/forum/index.php?topic=2728.0	https://web.archive.org/save/https://www.agisoft.com/forum/index.php?topic=2728.0
https://www.agisoft.com/forum/index.php?topic=2768.0	https://web.archive.org/save/https://www.agisoft.com/forum/index.php?topic=2768.0
https://www.agisoft.com/forum/index.php?topic=2901.0	https://web.archive.org/save/https://www.agisoft.com/forum/index.php?topic=2901.0
https://www.agisoft.com/forum/index.php?topic=3008.0	https://web.archive.org/save/https://www.agisoft.com/forum/index.php?topic=3008.0
https://www.agisoft.com/forum/index.php?topic=3071.0	https://web.archive.org/save/https://www.agisoft.com/forum/index.php?topic=3071.0
https://www.agisoft.com/forum/index.php?topic=3325.0	https://web.archive.org/save/https://www.agisoft.com/forum/index.php?topic=3325.0
https://www.agisoft.com/forum/index.php?topic=335.0	https://web.archive.org/save/https://www.agisoft.com/forum/index.php?topic=335.0
https://www.agisoft.com/forum/index.php?topic=3351.0	https://web.archive.org/save/https://www.agisoft.com/forum/index.php?topic=3351.0
https://www.agisoft.com/forum/index.php?topic=3371.0	https://web.archive.org/save/https://www.agisoft.com/forum/index.php?topic=3371.0
https://www.agisoft.com/forum/index.php?topic=3525.0	https://web.archive.org/save/https://www.agisoft.com/forum/index.php?topic=3525.0
https://www.agisoft.com/forum/index.php?topic=3599.0	https://web.archive.org/save/https://www.agisoft.com/forum/index.php?topic=3599.0
https://www.agisoft.com/forum/index.php?topic=3849.0	https://web.archive.org/save/https://www.agisoft.com/forum/index.php?topic=3849.0
https://www.agisoft.com/forum/index.php?topic=3901.0	https://web.archive.org/save/https://www.agisoft.com/forum/index.php?topic=3901.0
https://www.agisoft.com/forum/index.php?topic=3996.0	https://web.archive.org/save/https://www.agisoft.com/forum/index.php?topic=3996.0
https://www.agisoft.com/forum/index.php?topic=4425.0	https://web.archive.org/save/https://www.agisoft.com/forum/index.php?topic=4425.0
https://www.agisoft.com/forum/index.php?topic=4443.0	https://web.archive.org/save/https://www.agisoft.com/forum/index.php?topic=4443.0
https://www.agisoft.com/forum/index.php?topic=4569.0	https://web.archive.org/save/https://www.agisoft.com/forum/index.php?topic=4569.0
https://www.agisoft.com/forum/index.php?topic=4671.0	https://web.archive.org/save/https://www.agisoft.com/forum/index.php?topic=4671.0
https://www.agisoft.com/forum/index.php?topic=4745.0	https://web.archive.org/save/https://www.agisoft.com/forum/index.php?topic=4745.0
https://www.agisoft.com/forum/index.php?topic=4766.0	https://web.archive.org/save/https://www.agisoft.com/forum/index.php?topic=4766.0
https://www.agisoft.com/forum/index.php?topic=4841.0	https://web.archive.org/save/https://www.agisoft.com/forum/index.php?topic=4841.0
https://www.agisoft.com/forum/index.php?topic=4853.0	https://web.archive.org/save/https://www.agisoft.com/forum/index.php?topic=4853.0
https://www.agisoft.com/forum/index.php?topic=4901.0	https://web.archive.org/save/https://www.agisoft.com/forum/index.php?topic=4901.0
https://www.agisoft.com/forum/index.php?topic=4947.0	https://web.archive.org/save/https://www.agisoft.com/forum/index.php?topic=4947.0
https://www.agisoft.com/forum/index.php?topic=5037.0	https://web.archive.org/save/https://www.agisoft.com/forum/index.php?topic=5037.0
https://www.agisoft.com/forum/index.php?topic=5061.0	https://web.archive.org/save/https://www.agisoft.com/forum/index.php?topic=5061.0
https://www.agisoft.com/forum/index.php?topic=512.0	https://web.archive.org/save/https://www.agisoft.com/forum/index.php?topic=512.0
https://www.agisoft.com/forum/index.php?topic=5144.0	https://web.archive.org/save/https://www.agisoft.com/forum/index.php?topic=5144.0
https://www.agisoft.com/forum/index.php?topic=5255.0	https://web.archive.org/save/https://www.agisoft.com/forum/index.php?topic=5255.0
https://www.agisoft.com/forum/index.php?topic=5267.0	https://web.archive.org/save/https://www.agisoft.com/forum/index.php?topic=5267.0
https://www.agisoft.com/forum/index.php?topic=5322.0	https://web.archive.org/save/https://www.agisoft.com/forum/index.php?topic=5322.0
https://www.agisoft.com/forum/index.php?topic=5359.0	https://web.archive.org/save/https://www.agisoft.com/forum/index.php?topic=5359.0
https://www.agisoft.com/forum/index.php?topic=5381.0	https://web.archive.org/save/https://www.agisoft.com/forum/index.php?topic=5381.0
https://www.agisoft.com/forum/index.php?topic=5454.0	https://web.archive.org/save/https://www.agisoft.com/forum/index.php?topic=5454.0
https://www.agisoft.com/forum/index.php?topic=5553.0	https://web.archive.org/save/https://www.agisoft.com/forum/index.php?topic=5553.0
https://www.agisoft.com/forum/index.php?topic=5585.0	https://web.archive.org/save/https://www.agisoft.com/forum/index.php?topic=5585.0
https://www.agisoft.com/forum/index.php?topic=563.0	https://web.archive.org/save/https://www.agisoft.com/forum/index.php?topic=563.0
https://www.agisoft.com/forum/index.php?topic=5837.0	https://web.archive.org/save/https://www.agisoft.com/forum/index.php?topic=5837.0
https://www.agisoft.com/forum/index.php?topic=600.0	https://web.archive.org/save/https://www.agisoft.com/forum/index.php?topic=600.0
https://www.agisoft.com/forum/index.php?topic=6074.0	https://web.archive.org/save/https://www.agisoft.com/forum/index.php?topic=6074.0
https://www.agisoft.com/forum/index.php?topic=6084.0	https://web.archive.org/save/https://www.agisoft.com/forum/index.php?topic=6084.0
https://www.agisoft.com/forum/index.php?topic=6111.0	https://web.archive.org/save/https://www.agisoft.com/forum/index.php?topic=6111.0
https://www.agisoft.com/forum/index.php?topic=6126.0	https://web.archive.org/save/https://www.agisoft.com/forum/index.php?topic=6126.0
https://www.agisoft.com/forum/index.php?topic=6147.0	https://web.archive.org/save/https://www.agisoft.com/forum/index.php?topic=6147.0
https://www.agisoft.com/forum/index.php?topic=6258.0	https://web.archive.org/save/https://www.agisoft.com/forum/index.php?topic=6258.0
https://www.agisoft.com/forum/index.php?topic=6306.0	https://web.archive.org/save/https://www.agisoft.com/forum/index.php?topic=6306.0
https://www.agisoft.com/forum/index.php?topic=6635.0	https://web.archive.org/save/https://www.agisoft.com/forum/index.php?topic=6635.0
https://www.agisoft.com/forum/index.php?topic=6644.0	https://web.archive.org/save/https://www.agisoft.com/forum/index.php?topic=6644.0
https://www.agisoft.com/forum/index.php?topic=6691.0	https://web.archive.org/save/https://www.agisoft.com/forum/index.php?topic=6691.0
https://www.agisoft.com/forum/index.php?topic=6992.0	https://web.archive.org/save/https://www.agisoft.com/forum/index.php?topic=6992.0
https://www.agisoft.com/forum/index.php?topic=6995.0	https://web.archive.org/save/https://www.agisoft.com/forum/index.php?topic=6995.0
https://www.agisoft.com/forum/index.php?topic=7020.0	https://web.archive.org/save/https://www.agisoft.com/forum/index.php?topic=7020.0
https://www.agisoft.com/forum/index.php?topic=7056.0	https://web.archive.org/save/https://www.agisoft.com/forum/index.php?topic=7056.0
https://www.agisoft.com/forum/index.php?topic=7277.0	https://web.archive.org/save/https://www.agisoft.com/forum/index.php?topic=7277.0
https://www.agisoft.com/forum/index.php?topic=738.0	https://web.archive.org/save/https://www.agisoft.com/forum/index.php?topic=738.0
https://www.agisoft.com/forum/index.php?topic=7543.0	https://web.archive.org/save/https://www.agisoft.com/forum/index.php?topic=7543.0
https://www.agisoft.com/forum/index.php?topic=764.0	https://web.archive.org/save/https://www.agisoft.com/forum/index.php?topic=764.0
https://www.agisoft.com/forum/index.php?topic=7644.0	https://web.archive.org/save/https://www.agisoft.com/forum/index.php?topic=7644.0
https://www.agisoft.com/forum/index.php?topic=7772.0	https://web.archive.org/save/https://www.agisoft.com/forum/index.php?topic=7772.0
https://www.agisoft.com/forum/index.php?topic=7977.0	https://web.archive.org/save/https://www.agisoft.com/forum/index.php?topic=7977.0
https://www.agisoft.com/forum/index.php?topic=8019.0	https://web.archive.org/save/https://www.agisoft.com/forum/index.php?topic=8019.0
https://www.agisoft.com/forum/index.php?topic=8054.0	https://web.archive.org/save/https://www.agisoft.com/forum/index.php?topic=8054.0
https://www.agisoft.com/forum/index.php?topic=8140.0	https://web.archive.org/save/https://www.agisoft.com/forum/index.php?topic=8140.0
https://www.agisoft.com/forum/index.php?topic=8227.0	https://web.archive.org/save/https://www.agisoft.com/forum/index.php?topic=8227.0
https://www.agisoft.com/forum/index.php?topic=8284.0	https://web.archive.org/save/https://www.agisoft.com/forum/index.php?topic=8284.0
https://www.agisoft.com/forum/index.php?topic=8306.0	https://web.archive.org/save/https://www.agisoft.com/forum/index.php?topic=8306.0
https://www.agisoft.com/forum/index.php?topic=8315.0	https://web.archive.org/save/https://www.agisoft.com/forum/index.php?topic=8315.0
https://www.agisoft.com/forum/index.php?topic=8444.0	https://web.archive.org/save/https://www.agisoft.com/forum/index.php?topic=8444.0
https://www.agisoft.com/forum/index.php?topic=8548.0	https://web.archive.org/save/https://www.agisoft.com/forum/index.php?topic=8548.0
https://www.agisoft.com/forum/index.php?topic=8879.0	https://web.archive.org/save/https://www.agisoft.com/forum/index.php?topic=8879.0
https://www.agisoft.com/forum/index.php?topic=8946.0	https://web.archive.org/save/https://www.agisoft.com/forum/index.php?topic=8946.0
https://www.agisoft.com/forum/index.php?topic=8967.0	https://web.archive.org/save/https://www.agisoft.com/forum/index.php?topic=8967.0
https://www.agisoft.com/forum/index.php?topic=8978.0	https://web.archive.org/save/https://www.agisoft.com/forum/index.php?topic=8978.0
https://www.agisoft.com/forum/index.php?topic=8984.0	https://web.archive.org/save/https://www.agisoft.com/forum/index.php?topic=8984.0
https://www.agisoft.com/forum/index.php?topic=9018.0	https://web.archive.org/save/https://www.agisoft.com/forum/index.php?topic=9018.0
https://www.agisoft.com/forum/index.php?topic=9240.0	https://web.archive.org/save/https://www.agisoft.com/forum/index.php?topic=9240.0
https://www.agisoft.com/forum/index.php?topic=9244.0	https://web.archive.org/save/https://www.agisoft.com/forum/index.php?topic=9244.0
https://www.agisoft.com/forum/index.php?topic=9404.0	https://web.archive.org/save/https://www.agisoft.com/forum/index.php?topic=9404.0
https://www.agisoft.com/forum/index.php?topic=9565.0	https://web.archive.org/save/https://www.agisoft.com/forum/index.php?topic=9565.0
https://www.agisoft.com/forum/index.php?topic=9587.0	https://web.archive.org/save/https://www.agisoft.com/forum/index.php?topic=9587.0
https://www.agisoft.com/forum/index.php?topic=9612.0	https://web.archive.org/save/https://www.agisoft.com/forum/index.php?topic=9612.0
https://www.agisoft.com/forum/index.php?topic=9689.0	https://web.archive.org/save/https://www.agisoft.com/forum/index.php?topic=9689.0
https://www.agisoft.com/forum/index.php?topic=9793.0	https://web.archive.org/save/https://www.agisoft.com/forum/index.php?topic=9793.0
https://www.agisoft.com/forum/index.php?topic=9910.0	https://web.archive.org/save/https://www.agisoft.com/forum/index.php?topic=9910.0
