article_url	archive_url	short_url	status	content_status	note	title
https://agisoft.freshdesk.com/support/solutions/articles/31000023521	https://archive.today/20260917214157/https://agisoft.freshdesk.com/support/solutions/articles/31000023521		ARCHIVED	GOOD		&quot;Can&#39;t Write License&quot; error during activation on macOS
https://agisoft.freshdesk.com/support/solutions/articles/31000126204	https://archive.today/20260917214153/https://agisoft.freshdesk.com/support/solutions/articles/31000126204		ARCHIVED	GOOD		How to create an offline activation request file
https://agisoft.freshdesk.com/support/solutions/articles/31000133073	https://archive.today/20260917214158/https://agisoft.freshdesk.com/support/solutions/articles/31000133073		ARCHIVED	GOOD		(Metashape 1.x) Floating license activation procedure
https://agisoft.freshdesk.com/support/solutions/articles/31000133120	https://archive.today/20260917214152/https://agisoft.freshdesk.com/support/solutions/articles/31000133120		ARCHIVED	GOOD		How Educational license differs from a full license
https://agisoft.freshdesk.com/support/solutions/articles/31000133121	https://archive.today/20260917214151/https://agisoft.freshdesk.com/support/solutions/articles/31000133121		ARCHIVED	GOOD		Licensing for the network processing
https://agisoft.freshdesk.com/support/solutions/articles/31000133123	https://archive.today/20260917214140/https://agisoft.freshdesk.com/support/solutions/articles/31000133123		ARCHIVED	GOOD		How to run Python script automatically on Metashape Professional start
https://agisoft.freshdesk.com/support/solutions/articles/31000133141	https://archive.today/20260917214139/https://agisoft.freshdesk.com/support/solutions/articles/31000133141		ARCHIVED	GOOD		How to run the script in headless mode from the command-line
https://agisoft.freshdesk.com/support/solutions/articles/31000133220	https://archive.today/20260917214139/https://agisoft.freshdesk.com/support/solutions/articles/31000133220		ARCHIVED	GOOD		floating license
https://agisoft.freshdesk.com/support/solutions/articles/31000133222	https://archive.today/20260917214146/https://agisoft.freshdesk.com/support/solutions/articles/31000133222		ARCHIVED	GOOD		EULA
https://agisoft.freshdesk.com/support/solutions/articles/31000133223	https://archive.today/20260917214129/https://agisoft.freshdesk.com/support/solutions/articles/31000133223		ARCHIVED	GOOD		EULA
https://agisoft.freshdesk.com/support/solutions/articles/31000133910	https://archive.today/20260917214126/https://agisoft.freshdesk.com/support/solutions/articles/31000133910		ARCHIVED	GOOD		NVIDIA graphic card is not recognized on macOS in GPU preferences tab
https://agisoft.freshdesk.com/support/solutions/articles/31000134012	https://archive.today/20260917214124/https://agisoft.freshdesk.com/support/solutions/articles/31000134012		ARCHIVED	GOOD		moving license
https://agisoft.freshdesk.com/support/solutions/articles/31000135256	https://archive.today/20260917214122/https://agisoft.freshdesk.com/support/solutions/articles/31000135256		ARCHIVED	GOOD		How to update Metashape Pro to the new version
https://agisoft.freshdesk.com/support/solutions/articles/31000135259	https://archive.today/20260917214123/https://agisoft.freshdesk.com/support/solutions/articles/31000135259		ARCHIVED	GOOD		How to try full Metashape functionality before buying
https://agisoft.freshdesk.com/support/solutions/articles/31000135262	https://archive.today/20260917214117/https://agisoft.freshdesk.com/support/solutions/articles/31000135262		ARCHIVED	GOOD		How to purchase Metashape license
https://agisoft.freshdesk.com/support/solutions/articles/31000135266	https://archive.today/20260917214111/https://agisoft.freshdesk.com/support/solutions/articles/31000135266		ARCHIVED	GOOD		Exported DEM in TIF format appears to be black&amp;white when opened in external software
https://agisoft.freshdesk.com/support/solutions/articles/31000135267	https://archive.today/20260917214111/https://agisoft.freshdesk.com/support/solutions/articles/31000135267		ARCHIVED	GOOD		When exported model is opened in MeshLab the texture is not applied
https://agisoft.freshdesk.com/support/solutions/articles/31000135268	https://archive.today/20260917214106/https://agisoft.freshdesk.com/support/solutions/articles/31000135268		ARCHIVED	GOOD		Model exported to PDF format doesn&#39;t open and shows only blank page
https://agisoft.freshdesk.com/support/solutions/articles/31000135270	https://archive.today/20260917214103/https://agisoft.freshdesk.com/support/solutions/articles/31000135270		ARCHIVED	GOOD		Orthomosaic export fails
https://agisoft.freshdesk.com/support/solutions/articles/31000135378	https://archive.today/20260917214056/https://agisoft.freshdesk.com/support/solutions/articles/31000135378		ARCHIVED	GOOD		What to do with the license, when planning to update OS or upgrade hardware
https://agisoft.freshdesk.com/support/solutions/articles/31000135437	https://archive.today/20260917214708/https://agisoft.freshdesk.com/support/solutions/articles/31000135437		ARCHIVED	GOOD		Where to find general Python scripts for Metashape (PhotoScan) Professional
https://agisoft.freshdesk.com/support/solutions/articles/31000135640	https://archive.today/20260917214710/https://agisoft.freshdesk.com/support/solutions/articles/31000135640		ARCHIVED	GOOD		How to uninstall Agisoft Metashape
https://agisoft.freshdesk.com/support/solutions/articles/31000136860	https://archive.today/20260917214613/https://agisoft.freshdesk.com/support/solutions/articles/31000136860		ARCHIVED	GOOD		How to install external Python module to Metashape Professional package
https://agisoft.freshdesk.com/support/solutions/articles/31000136920	https://archive.today/20260917214612/https://agisoft.freshdesk.com/support/solutions/articles/31000136920		ARCHIVED	GOOD		How to configure OpenGL for Agisoft Metashape GUI mode on the cloud instances with GPU
https://agisoft.freshdesk.com/support/solutions/articles/31000145016	https://archive.today/20260917214614/https://agisoft.freshdesk.com/support/solutions/articles/31000145016		ARCHIVED	GOOD		How to calculate estimated Exterior Orientation parameters for the cameras using Python
https://agisoft.freshdesk.com/support/solutions/articles/31000145376	https://archive.today/20260917214555/https://agisoft.freshdesk.com/support/solutions/articles/31000145376		ARCHIVED	GOOD		Photo and Ortho view is not responding, toolbar disappears
https://agisoft.freshdesk.com/support/solutions/articles/31000145918	https://archive.today/20260917214557/https://agisoft.freshdesk.com/support/solutions/articles/31000145918		ARCHIVED	GOOD		How to configure the network processing
https://agisoft.freshdesk.com/support/solutions/articles/31000145919	https://archive.today/20260917214547/https://agisoft.freshdesk.com/support/solutions/articles/31000145919		ARCHIVED	GOOD		Is network processing supported in Standard and/or Professional edition
https://agisoft.freshdesk.com/support/solutions/articles/31000145920	https://archive.today/20260917214542/https://agisoft.freshdesk.com/support/solutions/articles/31000145920		ARCHIVED	GOOD		How many licenses are required for network processing
https://agisoft.freshdesk.com/support/solutions/articles/31000147966	https://archive.today/20260917214542/https://agisoft.freshdesk.com/support/solutions/articles/31000147966		ARCHIVED	GOOD		How can I update from PhotoScan to Metashape, is it free?
https://agisoft.freshdesk.com/support/solutions/articles/31000148332	https://archive.today/20260917214536/https://agisoft.freshdesk.com/support/solutions/articles/31000148332		ARCHIVED	GOOD		How to use height above geoid for the coordinate system
https://agisoft.freshdesk.com/support/solutions/articles/31000148381	https://archive.today/20260917214535/https://agisoft.freshdesk.com/support/solutions/articles/31000148381		ARCHIVED	GOOD		MicaSense Altum processing workflow (including Reflectance Calibration) in Agisoft Metashape Professional
https://agisoft.freshdesk.com/support/solutions/articles/31000148432	https://archive.today/20260917214535/https://agisoft.freshdesk.com/support/solutions/articles/31000148432		ARCHIVED	GOOD		What do some error messages in Metashape interface mean?
https://agisoft.freshdesk.com/support/solutions/articles/31000148780	https://archive.today/20260917214530/https://agisoft.freshdesk.com/support/solutions/articles/31000148780		ARCHIVED	GOOD		MicaSense RedEdge MX processing workflow (including Reflectance Calibration) in Agisoft Metashape Professional
https://agisoft.freshdesk.com/support/solutions/articles/31000148830	https://archive.today/20260917214525/https://agisoft.freshdesk.com/support/solutions/articles/31000148830		ARCHIVED	GOOD		Spherical panoramas generation
https://agisoft.freshdesk.com/support/solutions/articles/31000148835	https://archive.today/20260917214521/https://agisoft.freshdesk.com/support/solutions/articles/31000148835		ARCHIVED	GOOD		Camera track creation and fly through video rendering
https://agisoft.freshdesk.com/support/solutions/articles/31000148853	https://archive.today/20260917214515/https://agisoft.freshdesk.com/support/solutions/articles/31000148853		ARCHIVED	GOOD		Orthomosaic seamline editing (patching)
https://agisoft.freshdesk.com/support/solutions/articles/31000148855	https://archive.today/20260917214515/https://agisoft.freshdesk.com/support/solutions/articles/31000148855		ARCHIVED	GOOD		Coded targets and Scale bars
https://agisoft.freshdesk.com/support/solutions/articles/31000148866	https://archive.today/20260917214508/https://agisoft.freshdesk.com/support/solutions/articles/31000148866		ARCHIVED	GOOD		Point Cloud Classification
https://agisoft.freshdesk.com/support/solutions/articles/31000148884	https://archive.today/20260917214455/https://agisoft.freshdesk.com/support/solutions/articles/31000148884		ARCHIVED	GOOD		DEM based measurements
https://agisoft.freshdesk.com/support/solutions/articles/31000148930	https://archive.today/20260917215453/https://agisoft.freshdesk.com/support/solutions/articles/31000148930		ARCHIVED	GOOD		How to install Metashape stand-alone Python module
https://agisoft.freshdesk.com/support/solutions/articles/31000149015	https://archive.today/20260922165536/https://agisoft.freshdesk.com/support/solutions/articles/31000149015		ARCHIVED	GOOD		Where to find more information regarding floating license management
https://agisoft.freshdesk.com/support/solutions/articles/31000149337	https://archive.today/20260917215438/https://agisoft.freshdesk.com/support/solutions/articles/31000149337		ARCHIVED	GOOD		General image capture tips
https://agisoft.freshdesk.com/support/solutions/articles/31000149338	https://archive.today/20260917215440/https://agisoft.freshdesk.com/support/solutions/articles/31000149338		ARCHIVED	GOOD		Aerial survey tips
https://agisoft.freshdesk.com/support/solutions/articles/31000149339	https://archive.today/20260917215433/https://agisoft.freshdesk.com/support/solutions/articles/31000149339		ARCHIVED	GOOD		Terrestrial shooting scenario
https://agisoft.freshdesk.com/support/solutions/articles/31000149340	https://archive.today/20260917215429/https://agisoft.freshdesk.com/support/solutions/articles/31000149340		ARCHIVED	GOOD		Close-range objects scanning
https://agisoft.freshdesk.com/support/solutions/articles/31000149341	https://archive.today/20260917215426/https://agisoft.freshdesk.com/support/solutions/articles/31000149341		ARCHIVED	GOOD		Full body/head scanning capture tips
https://agisoft.freshdesk.com/support/solutions/articles/31000150614	https://archive.today/20260917215431/https://agisoft.freshdesk.com/support/solutions/articles/31000150614		ARCHIVED	GOOD		General information related to GPU processing
https://agisoft.freshdesk.com/support/solutions/articles/31000150804	https://archive.today/20260917215428/https://agisoft.freshdesk.com/support/solutions/articles/31000150804		ARCHIVED	GOOD		Can my license be transferred / sold if I’m not planning to use it in the future?
https://agisoft.freshdesk.com/support/solutions/articles/31000150805	https://archive.today/20260917215419/https://agisoft.freshdesk.com/support/solutions/articles/31000150805		ARCHIVED	GOOD		May I continue using my Educational license if I have finished my studies / retired from a university / started my career outside academic environment?
https://agisoft.freshdesk.com/support/solutions/articles/31000151182	https://archive.today/20260917215421/https://agisoft.freshdesk.com/support/solutions/articles/31000151182		ARCHIVED	GOOD		Conversion between the coordinate systems
https://agisoft.freshdesk.com/support/solutions/articles/31000152092	https://archive.today/20260917215419/https://agisoft.freshdesk.com/support/solutions/articles/31000152092		ARCHIVED	GOOD		3D model reconstruction
https://agisoft.freshdesk.com/support/solutions/articles/31000152334	https://archive.today/20260917215415/https://agisoft.freshdesk.com/support/solutions/articles/31000152334		ARCHIVED	GOOD		Agisoft Cloud projects management
https://agisoft.freshdesk.com/support/solutions/articles/31000152491	https://archive.today/20260917215415/https://agisoft.freshdesk.com/support/solutions/articles/31000152491		ARCHIVED	GOOD		Possible causes of large altitude errors when working with DJI images in Metashape
https://agisoft.freshdesk.com/support/solutions/articles/31000153271	https://archive.today/20260917215406/https://agisoft.freshdesk.com/support/solutions/articles/31000153271		ARCHIVED	GOOD		How many times can I deactivate a node-locked license and activate it again?
https://agisoft.freshdesk.com/support/solutions/articles/31000153371	https://archive.today/20260917214910/https://agisoft.freshdesk.com/support/solutions/articles/31000153371		ARCHIVED	GOOD		What is FastSpring?
https://agisoft.freshdesk.com/support/solutions/articles/31000153479	https://archive.today/20260917214910/https://agisoft.freshdesk.com/support/solutions/articles/31000153479		ARCHIVED	GOOD		Working with masks
https://agisoft.freshdesk.com/support/solutions/articles/31000153555	https://archive.today/20260917214900/https://agisoft.freshdesk.com/support/solutions/articles/31000153555		ARCHIVED	GOOD		Which RLM server version can be used for the floating license option
https://agisoft.freshdesk.com/support/solutions/articles/31000153696	https://archive.today/20260917214857/https://agisoft.freshdesk.com/support/solutions/articles/31000153696		ARCHIVED	GOOD		Aerial data processing (with GCPs) - Orthomosaic&amp;DEM generation
https://agisoft.freshdesk.com/support/solutions/articles/31000153699	https://archive.today/20260917214858/https://agisoft.freshdesk.com/support/solutions/articles/31000153699		ARCHIVED	GOOD		Stereo pair selection, measurements and navigation
https://agisoft.freshdesk.com/support/solutions/articles/31000153729	https://archive.today/20260917215914/https://agisoft.freshdesk.com/support/solutions/articles/31000153729		ARCHIVED	GOOD		Satellite imagery processing
https://agisoft.freshdesk.com/support/solutions/articles/31000153736	https://archive.today/20260917215919/https://agisoft.freshdesk.com/support/solutions/articles/31000153736		ARCHIVED	GOOD		Orthomosaic generation (cylindrical projection)
https://agisoft.freshdesk.com/support/solutions/articles/31000153743	https://archive.today/20260917215813/https://agisoft.freshdesk.com/support/solutions/articles/31000153743		ARCHIVED	GOOD		What is considered as Automated processing service, that requires Service Provider license of Agisoft Metashape?
https://agisoft.freshdesk.com/support/solutions/articles/31000153952	https://archive.today/20260917215816/https://agisoft.freshdesk.com/support/solutions/articles/31000153952		ARCHIVED	GOOD		Normal map generation
https://agisoft.freshdesk.com/support/solutions/articles/31000154049	https://archive.today/20260917215808/https://agisoft.freshdesk.com/support/solutions/articles/31000154049		ARCHIVED	GOOD		Orthomosaic generation (planar projection)
https://agisoft.freshdesk.com/support/solutions/articles/31000154132	https://archive.today/20260917215803/https://agisoft.freshdesk.com/support/solutions/articles/31000154132		ARCHIVED	GOOD		Control and Check points for aerial surveys
https://agisoft.freshdesk.com/support/solutions/articles/31000154587	https://archive.today/20260917215801/https://agisoft.freshdesk.com/support/solutions/articles/31000154587		ARCHIVED	GOOD		Texture map types
https://agisoft.freshdesk.com/support/solutions/articles/31000154629	https://archive.today/20260917215801/https://agisoft.freshdesk.com/support/solutions/articles/31000154629		ARCHIVED	GOOD		How to select fixed percent of the points (Gradual Selection) using Python
https://agisoft.freshdesk.com/support/solutions/articles/31000154762	https://archive.today/20260917215753/https://agisoft.freshdesk.com/support/solutions/articles/31000154762		ARCHIVED	GOOD		How to make Python interpreter to use Metashape module
https://agisoft.freshdesk.com/support/solutions/articles/31000155067	https://archive.today/20260917215753/https://agisoft.freshdesk.com/support/solutions/articles/31000155067		ARCHIVED	GOOD		Agisoft Cloud processing tutorial
https://agisoft.freshdesk.com/support/solutions/articles/31000155118	https://archive.today/20260917215749/https://agisoft.freshdesk.com/support/solutions/articles/31000155118		ARCHIVED	GOOD		Agisoft Cloud Web Viewer tutorial
https://agisoft.freshdesk.com/support/solutions/articles/31000155178	https://archive.today/20260917214019/https://agisoft.freshdesk.com/support/solutions/articles/31000155178		ARCHIVED	GOOD		Automatic detection of non-coded targets
https://agisoft.freshdesk.com/support/solutions/articles/31000155179	https://archive.today/20260917215743/https://agisoft.freshdesk.com/support/solutions/articles/31000155179		ARCHIVED	GOOD		4D processing
https://agisoft.freshdesk.com/support/solutions/articles/31000155265	https://archive.today/20260917215739/https://agisoft.freshdesk.com/support/solutions/articles/31000155265		ARCHIVED	GOOD		How to build a complete (360 degree) model of an object
https://agisoft.freshdesk.com/support/solutions/articles/31000155544	https://archive.today/20260917215739/https://agisoft.freshdesk.com/support/solutions/articles/31000155544		ARCHIVED	GOOD		Reference links and description for supported Geoids formats
https://agisoft.freshdesk.com/support/solutions/articles/31000155753	https://archive.today/20260917215734/https://agisoft.freshdesk.com/support/solutions/articles/31000155753		ARCHIVED	GOOD		Материалы на русском языке
https://agisoft.freshdesk.com/support/solutions/articles/31000155990	https://archive.today/20260917215732/https://agisoft.freshdesk.com/support/solutions/articles/31000155990		ARCHIVED	GOOD		Agisoft Cloud Plans
https://agisoft.freshdesk.com/support/solutions/articles/31000156301	https://archive.today/20260917215729/https://agisoft.freshdesk.com/support/solutions/articles/31000156301		ARCHIVED	GOOD		DEM difference calculation
https://agisoft.freshdesk.com/support/solutions/articles/31000156493	https://archive.today/20260917215726/https://agisoft.freshdesk.com/support/solutions/articles/31000156493		ARCHIVED	GOOD		Improving GPS accuracy using MakeItAccurate service
https://agisoft.freshdesk.com/support/solutions/articles/31000156497	https://archive.today/20260917215723/https://agisoft.freshdesk.com/support/solutions/articles/31000156497		ARCHIVED	GOOD		Aerial data processing(SenseFly eBee)
https://agisoft.freshdesk.com/support/solutions/articles/31000156964	https://archive.today/20260917215720/https://agisoft.freshdesk.com/support/solutions/articles/31000156964		ARCHIVED	GOOD		References list
https://agisoft.freshdesk.com/support/solutions/articles/31000157018	https://archive.today/20260917220314/https://agisoft.freshdesk.com/support/solutions/articles/31000157018		ARCHIVED	GOOD		Using BINGO for quality assessment
https://agisoft.freshdesk.com/support/solutions/articles/31000157329	https://archive.today/20260917220239/https://agisoft.freshdesk.com/support/solutions/articles/31000157329		ARCHIVED	GOOD		Memory requirements for processing operations
https://agisoft.freshdesk.com/support/solutions/articles/31000157459	https://archive.today/20260917220230/https://agisoft.freshdesk.com/support/solutions/articles/31000157459		ARCHIVED	GOOD		Setting up a Stealth3DMouse controller
https://agisoft.freshdesk.com/support/solutions/articles/31000157618	https://archive.today/20260917220230/https://agisoft.freshdesk.com/support/solutions/articles/31000157618		ARCHIVED	GOOD		How to run floating license server as a system service
https://agisoft.freshdesk.com/support/solutions/articles/31000157619	https://archive.today/20260917220227/https://agisoft.freshdesk.com/support/solutions/articles/31000157619		ARCHIVED	GOOD		How to run floating license server on VM (virtual machine)
https://agisoft.freshdesk.com/support/solutions/articles/31000157620	https://archive.today/20260917220225/https://agisoft.freshdesk.com/support/solutions/articles/31000157620		ARCHIVED	GOOD		How to borrow the floating license for the offline work
https://agisoft.freshdesk.com/support/solutions/articles/31000157701	https://archive.today/20260917220229/https://agisoft.freshdesk.com/support/solutions/articles/31000157701		ARCHIVED	GOOD		Manual chunk alignment (Standard edition)
https://agisoft.freshdesk.com/support/solutions/articles/31000157888	https://archive.today/20260917220222/https://agisoft.freshdesk.com/support/solutions/articles/31000157888		ARCHIVED	GOOD		Colorization of the external point cloud based on images
https://agisoft.freshdesk.com/support/solutions/articles/31000157908	https://archive.today/20260917220223/https://agisoft.freshdesk.com/support/solutions/articles/31000157908		ARCHIVED	GOOD		Aerial data processing (without GCPs)
https://agisoft.freshdesk.com/support/solutions/articles/31000157953	https://archive.today/20260917220211/https://agisoft.freshdesk.com/support/solutions/articles/31000157953		ARCHIVED	GOOD		Mission planning for complex structures
https://agisoft.freshdesk.com/support/solutions/articles/31000158119	https://archive.today/20260917220208/https://agisoft.freshdesk.com/support/solutions/articles/31000158119		ARCHIVED	GOOD		What does camera calibration results mean in Metashape?
https://agisoft.freshdesk.com/support/solutions/articles/31000158217	https://archive.today/20260917220212/https://agisoft.freshdesk.com/support/solutions/articles/31000158217		ARCHIVED	GOOD		Agisoft Cloud known issues and solutions
https://agisoft.freshdesk.com/support/solutions/articles/31000158320	https://archive.today/20260917220204/https://agisoft.freshdesk.com/support/solutions/articles/31000158320		ARCHIVED	GOOD		Combined processing of aerial and terrestrial images
https://agisoft.freshdesk.com/support/solutions/articles/31000158376	https://archive.today/20260917220205/https://agisoft.freshdesk.com/support/solutions/articles/31000158376		ARCHIVED	GOOD		Agisoft Texture De-Lighter - general workflow
https://agisoft.freshdesk.com/support/solutions/articles/31000158435	https://archive.today/20260917220204/https://agisoft.freshdesk.com/support/solutions/articles/31000158435		ARCHIVED	GOOD		Underwater survey image capture tips
https://agisoft.freshdesk.com/support/solutions/articles/31000158881	https://archive.today/20260917220157/https://agisoft.freshdesk.com/support/solutions/articles/31000158881		ARCHIVED	GOOD		Style transfer for 3D model
https://agisoft.freshdesk.com/support/solutions/articles/31000158885	https://archive.today/20260917220158/https://agisoft.freshdesk.com/support/solutions/articles/31000158885		ARCHIVED	GOOD		Remove lighting from texture in Agisoft Metashape Professional
https://agisoft.freshdesk.com/support/solutions/articles/31000158896	https://archive.today/20260917220150/https://agisoft.freshdesk.com/support/solutions/articles/31000158896		ARCHIVED	GOOD		Connected components in camera alignment procedure
https://agisoft.freshdesk.com/support/solutions/articles/31000158928	https://archive.today/20260917220149/https://agisoft.freshdesk.com/support/solutions/articles/31000158928		ARCHIVED	GOOD		Does Metashape work on Apple M1 architecture?
https://agisoft.freshdesk.com/support/solutions/articles/31000158941	https://archive.today/20260917220146/https://agisoft.freshdesk.com/support/solutions/articles/31000158941		ARCHIVED	GOOD		Volumetric masking for depth maps based mesh model generation
https://agisoft.freshdesk.com/support/solutions/articles/31000158942	https://archive.today/20260917220551/https://agisoft.freshdesk.com/support/solutions/articles/31000158942		ARCHIVED	GOOD		Thermal imagery processing
https://agisoft.freshdesk.com/support/solutions/articles/31000158967	https://archive.today/20260917220548/https://agisoft.freshdesk.com/support/solutions/articles/31000158967		ARCHIVED	GOOD		Aligning photos with background suppression from single mask
https://agisoft.freshdesk.com/support/solutions/articles/31000159037	https://archive.today/20260917220546/https://agisoft.freshdesk.com/support/solutions/articles/31000159037		ARCHIVED	GOOD		What to do, if Metashape crashes?
https://agisoft.freshdesk.com/support/solutions/articles/31000159101	https://archive.today/20260917220547/https://agisoft.freshdesk.com/support/solutions/articles/31000159101		ARCHIVED	GOOD		Terrestrial laser scanning data processing (for Metashape 1.7 to 1.8)
https://agisoft.freshdesk.com/support/solutions/articles/31000159199	https://archive.today/20260917220543/https://agisoft.freshdesk.com/support/solutions/articles/31000159199		ARCHIVED	GOOD		Latest releases &amp; bugfixes
https://agisoft.freshdesk.com/support/solutions/articles/31000159337	https://archive.today/20260917220536/https://agisoft.freshdesk.com/support/solutions/articles/31000159337		ARCHIVED	GOOD		Snapping options
https://agisoft.freshdesk.com/support/solutions/articles/31000159367	https://archive.today/20260917220535/https://agisoft.freshdesk.com/support/solutions/articles/31000159367		ARCHIVED	GOOD		Export cameras in PAT-B format
https://agisoft.freshdesk.com/support/solutions/articles/31000159531	https://archive.today/20260917220532/https://agisoft.freshdesk.com/support/solutions/articles/31000159531		ARCHIVED	GOOD		Processing scanned images with fiducial marks
https://agisoft.freshdesk.com/support/solutions/articles/31000159556	https://archive.today/20260917220525/https://agisoft.freshdesk.com/support/solutions/articles/31000159556		ARCHIVED	GOOD		Agisoft Cloud Project Sharing tutorial
https://agisoft.freshdesk.com/support/solutions/articles/31000159853	https://archive.today/20260917220524/https://agisoft.freshdesk.com/support/solutions/articles/31000159853		ARCHIVED	GOOD		DJI Phantom 4 Multispectral data processing
https://agisoft.freshdesk.com/support/solutions/articles/31000159895	https://archive.today/20260917220521/https://agisoft.freshdesk.com/support/solutions/articles/31000159895		ARCHIVED	GOOD		How to transfer floating license server to a new machine?
https://agisoft.freshdesk.com/support/solutions/articles/31000160027	https://archive.today/20260917220518/https://agisoft.freshdesk.com/support/solutions/articles/31000160027		ARCHIVED	GOOD		GPU error messages - possible solutions
https://agisoft.freshdesk.com/support/solutions/articles/31000160059	https://archive.today/20260917220516/https://agisoft.freshdesk.com/support/solutions/articles/31000160059		ARCHIVED	GOOD		Lens calibration (using chessboard pattern) in Metashape
https://agisoft.freshdesk.com/support/solutions/articles/31000160098	https://archive.today/20260917220520/https://agisoft.freshdesk.com/support/solutions/articles/31000160098		ARCHIVED	GOOD		GPU-related crashes in Metashape
https://agisoft.freshdesk.com/support/solutions/articles/31000160235	https://archive.today/20260917220514/https://agisoft.freshdesk.com/support/solutions/articles/31000160235		ARCHIVED	GOOD		How to install Agisoft Metashape
https://agisoft.freshdesk.com/support/solutions/articles/31000160468	https://archive.today/20260917220509/https://agisoft.freshdesk.com/support/solutions/articles/31000160468		ARCHIVED	GOOD		How to process an Image Group captured with Leica BLK3D
https://agisoft.freshdesk.com/support/solutions/articles/31000160727	https://archive.today/20260917220505/https://agisoft.freshdesk.com/support/solutions/articles/31000160727		ARCHIVED	GOOD		How to install and customize Agisoft Viewer?
https://agisoft.freshdesk.com/support/solutions/articles/31000160729	https://archive.today/20260917220506/https://agisoft.freshdesk.com/support/solutions/articles/31000160729		ARCHIVED	GOOD		Parameters for ground point classification
https://agisoft.freshdesk.com/support/solutions/articles/31000160891	https://archive.today/20260917220507/https://agisoft.freshdesk.com/support/solutions/articles/31000160891		ARCHIVED	GOOD		Agisoft Cloud Measurements &amp; Annotations
https://agisoft.freshdesk.com/support/solutions/articles/31000160911	https://archive.today/20260917220503/https://agisoft.freshdesk.com/support/solutions/articles/31000160911		ARCHIVED	GOOD		How to create a playlist for a presentation?
https://agisoft.freshdesk.com/support/solutions/articles/31000160912	https://archive.today/20260917220806/https://agisoft.freshdesk.com/support/solutions/articles/31000160912		ARCHIVED	GOOD		How to add 2D/3D data to Agisoft Viewer?
https://agisoft.freshdesk.com/support/solutions/articles/31000161029	https://archive.today/20260917220802/https://agisoft.freshdesk.com/support/solutions/articles/31000161029		ARCHIVED	GOOD		How to add MicaSense RedEdge MX Dual data properly
https://agisoft.freshdesk.com/support/solutions/articles/31000161038	https://archive.today/20260917220802/https://agisoft.freshdesk.com/support/solutions/articles/31000161038		ARCHIVED	GOOD		How to fix &quot;Invalid hostid type 16384&quot; activation error
https://agisoft.freshdesk.com/support/solutions/articles/31000161146	https://archive.today/20260917220800/https://agisoft.freshdesk.com/support/solutions/articles/31000161146		ARCHIVED	GOOD		How to process data from Sentera 6X in Metashape?
https://agisoft.freshdesk.com/support/solutions/articles/31000161178	https://archive.today/20260917220757/https://agisoft.freshdesk.com/support/solutions/articles/31000161178		ARCHIVED	GOOD		Measure and Drawing tools in Agisoft Viewer
https://agisoft.freshdesk.com/support/solutions/articles/31000161295	https://archive.today/20260917220752/https://agisoft.freshdesk.com/support/solutions/articles/31000161295		ARCHIVED	GOOD		Powerlines detection
https://agisoft.freshdesk.com/support/solutions/articles/31000161406	https://archive.today/20260917220749/https://agisoft.freshdesk.com/support/solutions/articles/31000161406		ARCHIVED	GOOD		Processing spherical panoramas in Agisoft Metashape
https://agisoft.freshdesk.com/support/solutions/articles/31000161533	https://archive.today/20260917220747/https://agisoft.freshdesk.com/support/solutions/articles/31000161533		ARCHIVED	GOOD		What to do if you need to use an existing geoid on another datum
https://agisoft.freshdesk.com/support/solutions/articles/31000161545	https://archive.today/20260917220748/https://agisoft.freshdesk.com/support/solutions/articles/31000161545		ARCHIVED	GOOD		Prescription maps generation in Agisoft Metashape
https://agisoft.freshdesk.com/support/solutions/articles/31000161735	https://archive.today/20260917220738/https://agisoft.freshdesk.com/support/solutions/articles/31000161735		ARCHIVED	GOOD		DJI with RTK coordinates data processing
https://agisoft.freshdesk.com/support/solutions/articles/31000161958	https://archive.today/20260917220737/https://agisoft.freshdesk.com/support/solutions/articles/31000161958		ARCHIVED	GOOD		Automatic background masking using custom script
https://agisoft.freshdesk.com/support/solutions/articles/31000161959	https://archive.today/20260917220730/https://agisoft.freshdesk.com/support/solutions/articles/31000161959		ARCHIVED	GOOD		Script with general processing workflow
https://agisoft.freshdesk.com/support/solutions/articles/31000162008	https://archive.today/20260917220729/https://agisoft.freshdesk.com/support/solutions/articles/31000162008		ARCHIVED	GOOD		Brightness &amp; contrast for orthomosaic export
https://agisoft.freshdesk.com/support/solutions/articles/31000162209	https://archive.today/20260917220722/https://agisoft.freshdesk.com/support/solutions/articles/31000162209		ARCHIVED	GOOD		Point cloud editing with confidence filter tool
https://agisoft.freshdesk.com/support/solutions/articles/31000162210	https://archive.today/20260917220719/https://agisoft.freshdesk.com/support/solutions/articles/31000162210		ARCHIVED	GOOD		How to analyse Model UV Statistics?
https://agisoft.freshdesk.com/support/solutions/articles/31000162211	https://archive.today/20260917220718/https://agisoft.freshdesk.com/support/solutions/articles/31000162211		ARCHIVED	GOOD		Texture quality improvement with the defocus masking feature
https://agisoft.freshdesk.com/support/solutions/articles/31000162212	https://archive.today/20260917220713/https://agisoft.freshdesk.com/support/solutions/articles/31000162212		ARCHIVED	GOOD		Smart cameras with depth sensor data processing
https://agisoft.freshdesk.com/support/solutions/articles/31000162414	https://archive.today/20260917220716/https://agisoft.freshdesk.com/support/solutions/articles/31000162414		ARCHIVED	GOOD		Masks from background photos
https://agisoft.freshdesk.com/support/solutions/articles/31000162464	https://archive.today/20260917220710/https://agisoft.freshdesk.com/support/solutions/articles/31000162464		ARCHIVED	GOOD		3D Spacemouse controller
https://agisoft.freshdesk.com/support/solutions/articles/31000162477	https://archive.today/20260917220705/https://agisoft.freshdesk.com/support/solutions/articles/31000162477		ARCHIVED	GOOD		Exported model becomes less detailed and ripples
https://agisoft.freshdesk.com/support/solutions/articles/31000162552	https://archive.today/20260917221144/https://agisoft.freshdesk.com/support/solutions/articles/31000162552		ARCHIVED	GOOD		Automatic detection of objects on orthomosaic
https://agisoft.freshdesk.com/support/solutions/articles/31000162572	https://archive.today/20260917221138/https://agisoft.freshdesk.com/support/solutions/articles/31000162572		ARCHIVED	GOOD		Metashape Standard license activation on macOS for multiple users on the same computer
https://agisoft.freshdesk.com/support/solutions/articles/31000162602	https://archive.today/20260917221134/https://agisoft.freshdesk.com/support/solutions/articles/31000162602		ARCHIVED	GOOD		Creating scale bars in the project without coded targets
https://agisoft.freshdesk.com/support/solutions/articles/31000162626	https://archive.today/20260917221135/https://agisoft.freshdesk.com/support/solutions/articles/31000162626		ARCHIVED	GOOD		Agisoft Cloud Virtual Tour tutorial
https://agisoft.freshdesk.com/support/solutions/articles/31000162627	https://archive.today/20260917221132/https://agisoft.freshdesk.com/support/solutions/articles/31000162627		ARCHIVED	GOOD		Import video issues
https://agisoft.freshdesk.com/support/solutions/articles/31000163220	https://archive.today/20260917221129/https://agisoft.freshdesk.com/support/solutions/articles/31000163220		ARCHIVED	GOOD		How to improve the modeling of thin objects in Metashape
https://agisoft.freshdesk.com/support/solutions/articles/31000163267	https://archive.today/20260917221118/https://agisoft.freshdesk.com/support/solutions/articles/31000163267		ARCHIVED	GOOD		Troubleshooting about usage on Linux
https://agisoft.freshdesk.com/support/solutions/articles/31000163268	https://archive.today/20260917221114/https://agisoft.freshdesk.com/support/solutions/articles/31000163268		ARCHIVED	GOOD		Turntable capturing scenario and processing workflow
https://agisoft.freshdesk.com/support/solutions/articles/31000163280	https://archive.today/20260917221115/https://agisoft.freshdesk.com/support/solutions/articles/31000163280		ARCHIVED	GOOD		Firewall configuration
https://agisoft.freshdesk.com/support/solutions/articles/31000163324	https://archive.today/20260917221113/https://agisoft.freshdesk.com/support/solutions/articles/31000163324		ARCHIVED	GOOD		Suggested scenario for photo shooting an interior
https://agisoft.freshdesk.com/support/solutions/articles/31000163388	https://archive.today/20260917221104/https://agisoft.freshdesk.com/support/solutions/articles/31000163388		ARCHIVED	GOOD		Automatic masking from the model
https://agisoft.freshdesk.com/support/solutions/articles/31000164388	https://archive.today/20260917221106/https://agisoft.freshdesk.com/support/solutions/articles/31000164388		ARCHIVED	GOOD		DEM editing tools
https://agisoft.freshdesk.com/support/solutions/articles/31000164680	https://archive.today/20260917221059/https://agisoft.freshdesk.com/support/solutions/articles/31000164680		ARCHIVED	GOOD		How to create offline activation request for the floating license server activation
https://agisoft.freshdesk.com/support/solutions/articles/31000166900	https://archive.today/20260917221058/https://agisoft.freshdesk.com/support/solutions/articles/31000166900		ARCHIVED	GOOD		Frequent floating license activation mistakes
https://agisoft.freshdesk.com/support/solutions/articles/31000166933	https://archive.today/20260917221056/https://agisoft.freshdesk.com/support/solutions/articles/31000166933		ARCHIVED	GOOD		Processing R-JPEG data in Metashape
https://agisoft.freshdesk.com/support/solutions/articles/31000166942	https://archive.today/20260917221054/https://agisoft.freshdesk.com/support/solutions/articles/31000166942		ARCHIVED	GOOD		Mesh model based volume measure
https://agisoft.freshdesk.com/support/solutions/articles/31000167427	https://archive.today/20260917221050/https://agisoft.freshdesk.com/support/solutions/articles/31000167427		ARCHIVED	GOOD		Agisoft Cloud Quickstart
https://agisoft.freshdesk.com/support/solutions/articles/31000167433	https://archive.today/20260917221052/https://agisoft.freshdesk.com/support/solutions/articles/31000167433		ARCHIVED	GOOD		Agisoft Cloud account management:
https://agisoft.freshdesk.com/support/solutions/articles/31000167860	https://archive.today/20260917221051/https://agisoft.freshdesk.com/support/solutions/articles/31000167860		ARCHIVED	GOOD		automatic processing, single button processing, one button processing
https://agisoft.freshdesk.com/support/solutions/articles/31000167872	https://archive.today/20260917221042/https://agisoft.freshdesk.com/support/solutions/articles/31000167872		ARCHIVED	GOOD		Batch processing
https://agisoft.freshdesk.com/support/solutions/articles/31000167986	https://archive.today/20260917221430/https://agisoft.freshdesk.com/support/solutions/articles/31000167986		ARCHIVED	GOOD		Advanced Selection tools for Point Cloud and Model
https://agisoft.freshdesk.com/support/solutions/articles/31000168141	https://archive.today/20260917221429/https://agisoft.freshdesk.com/support/solutions/articles/31000168141		ARCHIVED	GOOD		Export undistorted photos
https://agisoft.freshdesk.com/support/solutions/articles/31000168292	https://archive.today/20260917221433/https://agisoft.freshdesk.com/support/solutions/articles/31000168292		ARCHIVED	GOOD		How to download script from GitHub?
https://agisoft.freshdesk.com/support/solutions/articles/31000168474	https://archive.today/20260917221428/https://agisoft.freshdesk.com/support/solutions/articles/31000168474		ARCHIVED	GOOD		Terrestrial laser scans processing in Metashape 2.3.x
https://agisoft.freshdesk.com/support/solutions/articles/31000169030	https://archive.today/20260917221429/https://agisoft.freshdesk.com/support/solutions/articles/31000169030		ARCHIVED	GOOD		Aerial laser scans data processing
https://agisoft.freshdesk.com/support/solutions/articles/31000169229	https://archive.today/20260917221414/https://agisoft.freshdesk.com/support/solutions/articles/31000169229		ARCHIVED	GOOD		(Metashape 2.x) Floating license activation procedure
https://agisoft.freshdesk.com/support/solutions/articles/31000169237	https://archive.today/20260917221417/https://agisoft.freshdesk.com/support/solutions/articles/31000169237		ARCHIVED	GOOD		(Metashape 2.x) Floating license deactivation procedure
https://agisoft.freshdesk.com/support/solutions/articles/31000169304	https://archive.today/20260917221407/https://agisoft.freshdesk.com/support/solutions/articles/31000169304		ARCHIVED	GOOD		(Metashape 2.x) Offline activation of Node-locked license
https://agisoft.freshdesk.com/support/solutions/articles/31000169378	https://archive.today/20260917221408/https://agisoft.freshdesk.com/support/solutions/articles/31000169378		ARCHIVED	GOOD		(Metashape 2.x) Linking client machine to the license server
https://agisoft.freshdesk.com/support/solutions/articles/31000169438	https://archive.today/20260917221405/https://agisoft.freshdesk.com/support/solutions/articles/31000169438		ARCHIVED	GOOD		(Metashape 2.x) How to run license server as a system service
https://agisoft.freshdesk.com/support/solutions/articles/31000169660	https://archive.today/20260917221359/https://agisoft.freshdesk.com/support/solutions/articles/31000169660		ARCHIVED	GOOD		Configure custom basemap
https://agisoft.freshdesk.com/support/solutions/articles/31000170259	https://archive.today/20260917221358/https://agisoft.freshdesk.com/support/solutions/articles/31000170259		ARCHIVED	GOOD		Vectorization tools
https://agisoft.freshdesk.com/support/solutions/articles/31000170365	https://archive.today/20260917221359/https://agisoft.freshdesk.com/support/solutions/articles/31000170365		ARCHIVED	GOOD		Measurement tools in Model view
https://agisoft.freshdesk.com/support/solutions/articles/31000170564	https://archive.today/20260917221355/https://agisoft.freshdesk.com/support/solutions/articles/31000170564		ARCHIVED	GOOD		How to conduct inspection and report
https://agisoft.freshdesk.com/support/solutions/articles/31000171950	https://archive.today/20260917221354/https://agisoft.freshdesk.com/support/solutions/articles/31000171950		ARCHIVED	GOOD		Block Model
https://agisoft.freshdesk.com/support/solutions/articles/31000172034	https://archive.today/20260917221353/https://agisoft.freshdesk.com/support/solutions/articles/31000172034		ARCHIVED	GOOD		Major changes in Agisoft Metashape 2.1
https://agisoft.freshdesk.com/support/solutions/articles/31000172512	https://archive.today/20260917221349/https://agisoft.freshdesk.com/support/solutions/articles/31000172512		ARCHIVED	GOOD		Hardware recommendations
https://agisoft.freshdesk.com/support/solutions/articles/31000173952	https://archive.today/20260917221350/https://agisoft.freshdesk.com/support/solutions/articles/31000173952		ARCHIVED	GOOD		New features in Agisoft Metashape 2.2.x
https://agisoft.freshdesk.com/support/solutions/articles/31000173963	https://archive.today/20260917221344/https://agisoft.freshdesk.com/support/solutions/articles/31000173963		ARCHIVED	GOOD		Orthomosaic Pansharpening
https://agisoft.freshdesk.com/support/solutions/articles/31000175667	https://archive.today/20260917221345/https://agisoft.freshdesk.com/support/solutions/articles/31000175667		ARCHIVED	GOOD		How to manage your team
https://agisoft.freshdesk.com/support/solutions/articles/31000177202	https://archive.today/20260917221341/https://agisoft.freshdesk.com/support/solutions/articles/31000177202		ARCHIVED	GOOD		New features in Agisoft Metashape 2.3.x
https://agisoft.freshdesk.com/support/solutions/articles/31000177705	https://archive.today/20260917221340/https://agisoft.freshdesk.com/support/solutions/articles/31000177705		ARCHIVED	GOOD		Texture editing tool (Assign image)
https://agisoft.freshdesk.com/support/solutions/articles/31000177786	https://archive.today/20260917221335/https://agisoft.freshdesk.com/support/solutions/articles/31000177786		ARCHIVED	GOOD		How to configure geospatial data visualization
https://agisoft.freshdesk.com/support/solutions/articles/31000179305	https://archive.today/20260917214005/https://agisoft.freshdesk.com/support/solutions/articles/31000179305		ARCHIVED	GOOD		Create Metashape project
https://agisoft.freshdesk.com/support/solutions/articles/31000179306	https://archive.today/20260917214004/https://agisoft.freshdesk.com/support/solutions/articles/31000179306		ARCHIVED	GOOD		Metashape settings
https://agisoft.freshdesk.com/support/solutions/articles/31000179307	https://archive.today/20260917213959/https://agisoft.freshdesk.com/support/solutions/articles/31000179307		ARCHIVED	GOOD		Project window and Panes
https://agisoft.freshdesk.com/support/solutions/articles/31000179332	https://archive.today/20260917213646/https://agisoft.freshdesk.com/support/solutions/articles/31000179332		ARCHIVED	GOOD		Basic commands when working with coordinate systems via Python
https://agisoft.freshdesk.com/support/solutions/articles/31000179371	https://archive.today/20260917213955/https://agisoft.freshdesk.com/support/solutions/articles/31000179371		ARCHIVED	GOOD		Preselection types for image alignment
https://agisoft.freshdesk.com/support/solutions/articles/31000179476	https://archive.today/20260917213947/https://agisoft.freshdesk.com/support/solutions/articles/31000179476		ARCHIVED	GOOD		How to generate contour lines in Metashape
https://agisoft.freshdesk.com/support/solutions/articles/31000179478	https://archive.today/20260917213937/https://agisoft.freshdesk.com/support/solutions/articles/31000179478		ARCHIVED	GOOD		How to create calibration groups
