original_url	save_target	save_page_url
https://www.agisoft.com/forum/index.php?topic=10129.msg46256#msg46256	https://www.agisoft.com/forum/index.php?topic=10129.msg46256	https://archive.ph/?url=https%3A%2F%2Fwww.agisoft.com%2Fforum%2Findex.php%3Ftopic%3D10129.msg46256
https://www.agisoft.com/forum/index.php?topic=10245.msg47893#msg47893	https://www.agisoft.com/forum/index.php?topic=10245.msg47893	https://archive.ph/?url=https%3A%2F%2Fwww.agisoft.com%2Fforum%2Findex.php%3Ftopic%3D10245.msg47893
https://www.agisoft.com/forum/index.php?topic=10250.msg46776#msg46776	https://www.agisoft.com/forum/index.php?topic=10250.msg46776	https://archive.ph/?url=https%3A%2F%2Fwww.agisoft.com%2Fforum%2Findex.php%3Ftopic%3D10250.msg46776
https://www.agisoft.com/forum/index.php?topic=10266.msg48076#msg48076	https://www.agisoft.com/forum/index.php?topic=10266.msg48076	https://archive.ph/?url=https%3A%2F%2Fwww.agisoft.com%2Fforum%2Findex.php%3Ftopic%3D10266.msg48076
https://www.agisoft.com/forum/index.php?topic=10304.msg47977#msg47977	https://www.agisoft.com/forum/index.php?topic=10304.msg47977	https://archive.ph/?url=https%3A%2F%2Fwww.agisoft.com%2Fforum%2Findex.php%3Ftopic%3D10304.msg47977
https://www.agisoft.com/forum/index.php?topic=10415.msg47137#msg47137	https://www.agisoft.com/forum/index.php?topic=10415.msg47137	https://archive.ph/?url=https%3A%2F%2Fwww.agisoft.com%2Fforum%2Findex.php%3Ftopic%3D10415.msg47137
https://www.agisoft.com/forum/index.php?topic=10415.msg47414#msg47414	https://www.agisoft.com/forum/index.php?topic=10415.msg47414	https://archive.ph/?url=https%3A%2F%2Fwww.agisoft.com%2Fforum%2Findex.php%3Ftopic%3D10415.msg47414
https://www.agisoft.com/forum/index.php?topic=10615.msg48212#msg48212	https://www.agisoft.com/forum/index.php?topic=10615.msg48212	https://archive.ph/?url=https%3A%2F%2Fwww.agisoft.com%2Fforum%2Findex.php%3Ftopic%3D10615.msg48212
https://www.agisoft.com/forum/index.php?topic=10615.msg49635#msg49635	https://www.agisoft.com/forum/index.php?topic=10615.msg49635	https://archive.ph/?url=https%3A%2F%2Fwww.agisoft.com%2Fforum%2Findex.php%3Ftopic%3D10615.msg49635
https://www.agisoft.com/forum/index.php?topic=10720.msg48535#msg48535	https://www.agisoft.com/forum/index.php?topic=10720.msg48535	https://archive.ph/?url=https%3A%2F%2Fwww.agisoft.com%2Fforum%2Findex.php%3Ftopic%3D10720.msg48535
https://www.agisoft.com/forum/index.php?topic=10802.msg48826#msg48826	https://www.agisoft.com/forum/index.php?topic=10802.msg48826	https://archive.ph/?url=https%3A%2F%2Fwww.agisoft.com%2Fforum%2Findex.php%3Ftopic%3D10802.msg48826
https://www.agisoft.com/forum/index.php?topic=10828.msg48916#msg48916	https://www.agisoft.com/forum/index.php?topic=10828.msg48916	https://archive.ph/?url=https%3A%2F%2Fwww.agisoft.com%2Fforum%2Findex.php%3Ftopic%3D10828.msg48916
https://www.agisoft.com/forum/index.php?topic=10828.msg49989#msg49989	https://www.agisoft.com/forum/index.php?topic=10828.msg49989	https://archive.ph/?url=https%3A%2F%2Fwww.agisoft.com%2Fforum%2Findex.php%3Ftopic%3D10828.msg49989
https://www.agisoft.com/forum/index.php?topic=10834.msg48943#msg48943	https://www.agisoft.com/forum/index.php?topic=10834.msg48943	https://archive.ph/?url=https%3A%2F%2Fwww.agisoft.com%2Fforum%2Findex.php%3Ftopic%3D10834.msg48943
https://www.agisoft.com/forum/index.php?topic=10848.msg53212#msg53212	https://www.agisoft.com/forum/index.php?topic=10848.msg53212	https://archive.ph/?url=https%3A%2F%2Fwww.agisoft.com%2Fforum%2Findex.php%3Ftopic%3D10848.msg53212
https://www.agisoft.com/forum/index.php?topic=11068.msg52237#msg52237	https://www.agisoft.com/forum/index.php?topic=11068.msg52237	https://archive.ph/?url=https%3A%2F%2Fwww.agisoft.com%2Fforum%2Findex.php%3Ftopic%3D11068.msg52237
https://www.agisoft.com/forum/index.php?topic=11077.msg49903#msg49903	https://www.agisoft.com/forum/index.php?topic=11077.msg49903	https://archive.ph/?url=https%3A%2F%2Fwww.agisoft.com%2Fforum%2Findex.php%3Ftopic%3D11077.msg49903
https://www.agisoft.com/forum/index.php?topic=1108.msg5226#msg5226	https://www.agisoft.com/forum/index.php?topic=1108.msg5226	https://archive.ph/?url=https%3A%2F%2Fwww.agisoft.com%2Fforum%2Findex.php%3Ftopic%3D1108.msg5226
https://www.agisoft.com/forum/index.php?topic=11105.msg50053#msg50053	https://www.agisoft.com/forum/index.php?topic=11105.msg50053	https://archive.ph/?url=https%3A%2F%2Fwww.agisoft.com%2Fforum%2Findex.php%3Ftopic%3D11105.msg50053
https://www.agisoft.com/forum/index.php?topic=11120.msg50096#msg50096	https://www.agisoft.com/forum/index.php?topic=11120.msg50096	https://archive.ph/?url=https%3A%2F%2Fwww.agisoft.com%2Fforum%2Findex.php%3Ftopic%3D11120.msg50096
https://www.agisoft.com/forum/index.php?topic=11129.msg50273#msg50273	https://www.agisoft.com/forum/index.php?topic=11129.msg50273	https://archive.ph/?url=https%3A%2F%2Fwww.agisoft.com%2Fforum%2Findex.php%3Ftopic%3D11129.msg50273
https://www.agisoft.com/forum/index.php?topic=11129.msg50316#msg50316	https://www.agisoft.com/forum/index.php?topic=11129.msg50316	https://archive.ph/?url=https%3A%2F%2Fwww.agisoft.com%2Fforum%2Findex.php%3Ftopic%3D11129.msg50316
https://www.agisoft.com/forum/index.php?topic=11148.msg50135#msg50135	https://www.agisoft.com/forum/index.php?topic=11148.msg50135	https://archive.ph/?url=https%3A%2F%2Fwww.agisoft.com%2Fforum%2Findex.php%3Ftopic%3D11148.msg50135
https://www.agisoft.com/forum/index.php?topic=11153.msg50187#msg50187	https://www.agisoft.com/forum/index.php?topic=11153.msg50187	https://archive.ph/?url=https%3A%2F%2Fwww.agisoft.com%2Fforum%2Findex.php%3Ftopic%3D11153.msg50187
https://www.agisoft.com/forum/index.php?topic=11164.msg49325#msg49325	https://www.agisoft.com/forum/index.php?topic=11164.msg49325	https://archive.ph/?url=https%3A%2F%2Fwww.agisoft.com%2Fforum%2Findex.php%3Ftopic%3D11164.msg49325
https://www.agisoft.com/forum/index.php?topic=11164.msg50274#msg50274	https://www.agisoft.com/forum/index.php?topic=11164.msg50274	https://archive.ph/?url=https%3A%2F%2Fwww.agisoft.com%2Fforum%2Findex.php%3Ftopic%3D11164.msg50274
https://www.agisoft.com/forum/index.php?topic=11286.msg49832#msg49832	https://www.agisoft.com/forum/index.php?topic=11286.msg49832	https://archive.ph/?url=https%3A%2F%2Fwww.agisoft.com%2Fforum%2Findex.php%3Ftopic%3D11286.msg49832
https://www.agisoft.com/forum/index.php?topic=11286.msg50690#msg50690	https://www.agisoft.com/forum/index.php?topic=11286.msg50690	https://archive.ph/?url=https%3A%2F%2Fwww.agisoft.com%2Fforum%2Findex.php%3Ftopic%3D11286.msg50690
https://www.agisoft.com/forum/index.php?topic=11286.msg50699#msg50699	https://www.agisoft.com/forum/index.php?topic=11286.msg50699	https://archive.ph/?url=https%3A%2F%2Fwww.agisoft.com%2Fforum%2Findex.php%3Ftopic%3D11286.msg50699
https://www.agisoft.com/forum/index.php?topic=11286.msg50706#msg50706	https://www.agisoft.com/forum/index.php?topic=11286.msg50706	https://archive.ph/?url=https%3A%2F%2Fwww.agisoft.com%2Fforum%2Findex.php%3Ftopic%3D11286.msg50706
https://www.agisoft.com/forum/index.php?topic=11404.msg51148#msg51148	https://www.agisoft.com/forum/index.php?topic=11404.msg51148	https://archive.ph/?url=https%3A%2F%2Fwww.agisoft.com%2Fforum%2Findex.php%3Ftopic%3D11404.msg51148
https://www.agisoft.com/forum/index.php?topic=11506.msg51385#msg51385	https://www.agisoft.com/forum/index.php?topic=11506.msg51385	https://archive.ph/?url=https%3A%2F%2Fwww.agisoft.com%2Fforum%2Findex.php%3Ftopic%3D11506.msg51385
https://www.agisoft.com/forum/index.php?topic=11548.msg52102#msg52102	https://www.agisoft.com/forum/index.php?topic=11548.msg52102	https://archive.ph/?url=https%3A%2F%2Fwww.agisoft.com%2Fforum%2Findex.php%3Ftopic%3D11548.msg52102
https://www.agisoft.com/forum/index.php?topic=11630.msg52157#msg52157	https://www.agisoft.com/forum/index.php?topic=11630.msg52157	https://archive.ph/?url=https%3A%2F%2Fwww.agisoft.com%2Fforum%2Findex.php%3Ftopic%3D11630.msg52157
https://www.agisoft.com/forum/index.php?topic=11630.msg53148#msg53148	https://www.agisoft.com/forum/index.php?topic=11630.msg53148	https://archive.ph/?url=https%3A%2F%2Fwww.agisoft.com%2Fforum%2Findex.php%3Ftopic%3D11630.msg53148
https://www.agisoft.com/forum/index.php?topic=11771.msg52680#msg52680	https://www.agisoft.com/forum/index.php?topic=11771.msg52680	https://archive.ph/?url=https%3A%2F%2Fwww.agisoft.com%2Fforum%2Findex.php%3Ftopic%3D11771.msg52680
https://www.agisoft.com/forum/index.php?topic=11803.msg53024#msg53024	https://www.agisoft.com/forum/index.php?topic=11803.msg53024	https://archive.ph/?url=https%3A%2F%2Fwww.agisoft.com%2Fforum%2Findex.php%3Ftopic%3D11803.msg53024
https://www.agisoft.com/forum/index.php?topic=11817.msg52924#msg52924	https://www.agisoft.com/forum/index.php?topic=11817.msg52924	https://archive.ph/?url=https%3A%2F%2Fwww.agisoft.com%2Fforum%2Findex.php%3Ftopic%3D11817.msg52924
https://www.agisoft.com/forum/index.php?topic=11931.msg53450#msg53450	https://www.agisoft.com/forum/index.php?topic=11931.msg53450	https://archive.ph/?url=https%3A%2F%2Fwww.agisoft.com%2Fforum%2Findex.php%3Ftopic%3D11931.msg53450
https://www.agisoft.com/forum/index.php?topic=12036.msg53833#msg53833	https://www.agisoft.com/forum/index.php?topic=12036.msg53833	https://archive.ph/?url=https%3A%2F%2Fwww.agisoft.com%2Fforum%2Findex.php%3Ftopic%3D12036.msg53833
https://www.agisoft.com/forum/index.php?topic=12069.msg53767#msg53767	https://www.agisoft.com/forum/index.php?topic=12069.msg53767	https://archive.ph/?url=https%3A%2F%2Fwww.agisoft.com%2Fforum%2Findex.php%3Ftopic%3D12069.msg53767
https://www.agisoft.com/forum/index.php?topic=12114.msg59880#msg59880	https://www.agisoft.com/forum/index.php?topic=12114.msg59880	https://archive.ph/?url=https%3A%2F%2Fwww.agisoft.com%2Fforum%2Findex.php%3Ftopic%3D12114.msg59880
https://www.agisoft.com/forum/index.php?topic=12270.msg56225#msg56225	https://www.agisoft.com/forum/index.php?topic=12270.msg56225	https://archive.ph/?url=https%3A%2F%2Fwww.agisoft.com%2Fforum%2Findex.php%3Ftopic%3D12270.msg56225
https://www.agisoft.com/forum/index.php?topic=12270.msg58112#msg58112	https://www.agisoft.com/forum/index.php?topic=12270.msg58112	https://archive.ph/?url=https%3A%2F%2Fwww.agisoft.com%2Fforum%2Findex.php%3Ftopic%3D12270.msg58112
https://www.agisoft.com/forum/index.php?topic=12421.msg55331#msg55331	https://www.agisoft.com/forum/index.php?topic=12421.msg55331	https://archive.ph/?url=https%3A%2F%2Fwww.agisoft.com%2Fforum%2Findex.php%3Ftopic%3D12421.msg55331
https://www.agisoft.com/forum/index.php?topic=12426.msg56344#msg56344	https://www.agisoft.com/forum/index.php?topic=12426.msg56344	https://archive.ph/?url=https%3A%2F%2Fwww.agisoft.com%2Fforum%2Findex.php%3Ftopic%3D12426.msg56344
https://www.agisoft.com/forum/index.php?topic=12549.msg55731#msg55731	https://www.agisoft.com/forum/index.php?topic=12549.msg55731	https://archive.ph/?url=https%3A%2F%2Fwww.agisoft.com%2Fforum%2Findex.php%3Ftopic%3D12549.msg55731
https://www.agisoft.com/forum/index.php?topic=12553.msg55746#msg55746	https://www.agisoft.com/forum/index.php?topic=12553.msg55746	https://archive.ph/?url=https%3A%2F%2Fwww.agisoft.com%2Fforum%2Findex.php%3Ftopic%3D12553.msg55746
https://www.agisoft.com/forum/index.php?topic=12581.msg55852#msg55852	https://www.agisoft.com/forum/index.php?topic=12581.msg55852	https://archive.ph/?url=https%3A%2F%2Fwww.agisoft.com%2Fforum%2Findex.php%3Ftopic%3D12581.msg55852
https://www.agisoft.com/forum/index.php?topic=12596.msg56131#msg56131	https://www.agisoft.com/forum/index.php?topic=12596.msg56131	https://archive.ph/?url=https%3A%2F%2Fwww.agisoft.com%2Fforum%2Findex.php%3Ftopic%3D12596.msg56131
https://www.agisoft.com/forum/index.php?topic=12596.msg56684#msg56684	https://www.agisoft.com/forum/index.php?topic=12596.msg56684	https://archive.ph/?url=https%3A%2F%2Fwww.agisoft.com%2Fforum%2Findex.php%3Ftopic%3D12596.msg56684
https://www.agisoft.com/forum/index.php?topic=12602.msg66936#msg66936	https://www.agisoft.com/forum/index.php?topic=12602.msg66936	https://archive.ph/?url=https%3A%2F%2Fwww.agisoft.com%2Fforum%2Findex.php%3Ftopic%3D12602.msg66936
https://www.agisoft.com/forum/index.php?topic=12603.msg55985#msg55985	https://www.agisoft.com/forum/index.php?topic=12603.msg55985	https://archive.ph/?url=https%3A%2F%2Fwww.agisoft.com%2Fforum%2Findex.php%3Ftopic%3D12603.msg55985
https://www.agisoft.com/forum/index.php?topic=12653.msg57275#msg57275	https://www.agisoft.com/forum/index.php?topic=12653.msg57275	https://archive.ph/?url=https%3A%2F%2Fwww.agisoft.com%2Fforum%2Findex.php%3Ftopic%3D12653.msg57275
https://www.agisoft.com/forum/index.php?topic=12813.msg56813#msg56813	https://www.agisoft.com/forum/index.php?topic=12813.msg56813	https://archive.ph/?url=https%3A%2F%2Fwww.agisoft.com%2Fforum%2Findex.php%3Ftopic%3D12813.msg56813
https://www.agisoft.com/forum/index.php?topic=12813.msg57218#msg57218	https://www.agisoft.com/forum/index.php?topic=12813.msg57218	https://archive.ph/?url=https%3A%2F%2Fwww.agisoft.com%2Fforum%2Findex.php%3Ftopic%3D12813.msg57218
https://www.agisoft.com/forum/index.php?topic=12852.msg56975#msg56975	https://www.agisoft.com/forum/index.php?topic=12852.msg56975	https://archive.ph/?url=https%3A%2F%2Fwww.agisoft.com%2Fforum%2Findex.php%3Ftopic%3D12852.msg56975
https://www.agisoft.com/forum/index.php?topic=13047.msg57887#msg57887	https://www.agisoft.com/forum/index.php?topic=13047.msg57887	https://archive.ph/?url=https%3A%2F%2Fwww.agisoft.com%2Fforum%2Findex.php%3Ftopic%3D13047.msg57887
https://www.agisoft.com/forum/index.php?topic=13066.msg58847#msg58847	https://www.agisoft.com/forum/index.php?topic=13066.msg58847	https://archive.ph/?url=https%3A%2F%2Fwww.agisoft.com%2Fforum%2Findex.php%3Ftopic%3D13066.msg58847
https://www.agisoft.com/forum/index.php?topic=13079.msg58789#msg58789	https://www.agisoft.com/forum/index.php?topic=13079.msg58789	https://archive.ph/?url=https%3A%2F%2Fwww.agisoft.com%2Fforum%2Findex.php%3Ftopic%3D13079.msg58789
https://www.agisoft.com/forum/index.php?topic=13079.msg59330#msg59330	https://www.agisoft.com/forum/index.php?topic=13079.msg59330	https://archive.ph/?url=https%3A%2F%2Fwww.agisoft.com%2Fforum%2Findex.php%3Ftopic%3D13079.msg59330
https://www.agisoft.com/forum/index.php?topic=13221.msg58683#msg58683	https://www.agisoft.com/forum/index.php?topic=13221.msg58683	https://archive.ph/?url=https%3A%2F%2Fwww.agisoft.com%2Fforum%2Findex.php%3Ftopic%3D13221.msg58683
https://www.agisoft.com/forum/index.php?topic=13736.msg61603#msg61603	https://www.agisoft.com/forum/index.php?topic=13736.msg61603	https://archive.ph/?url=https%3A%2F%2Fwww.agisoft.com%2Fforum%2Findex.php%3Ftopic%3D13736.msg61603
https://www.agisoft.com/forum/index.php?topic=13736.msg61615#msg61615	https://www.agisoft.com/forum/index.php?topic=13736.msg61615	https://archive.ph/?url=https%3A%2F%2Fwww.agisoft.com%2Fforum%2Findex.php%3Ftopic%3D13736.msg61615
https://www.agisoft.com/forum/index.php?topic=13736.msg61623#msg61623	https://www.agisoft.com/forum/index.php?topic=13736.msg61623	https://archive.ph/?url=https%3A%2F%2Fwww.agisoft.com%2Fforum%2Findex.php%3Ftopic%3D13736.msg61623
https://www.agisoft.com/forum/index.php?topic=13821.msg61023#msg61023	https://www.agisoft.com/forum/index.php?topic=13821.msg61023	https://archive.ph/?url=https%3A%2F%2Fwww.agisoft.com%2Fforum%2Findex.php%3Ftopic%3D13821.msg61023
https://www.agisoft.com/forum/index.php?topic=14141.msg62343#msg62343	https://www.agisoft.com/forum/index.php?topic=14141.msg62343	https://archive.ph/?url=https%3A%2F%2Fwww.agisoft.com%2Fforum%2Findex.php%3Ftopic%3D14141.msg62343
https://www.agisoft.com/forum/index.php?topic=14141.msg63027#msg63027	https://www.agisoft.com/forum/index.php?topic=14141.msg63027	https://archive.ph/?url=https%3A%2F%2Fwww.agisoft.com%2Fforum%2Findex.php%3Ftopic%3D14141.msg63027
https://www.agisoft.com/forum/index.php?topic=14150.msg63645#msg63645	https://www.agisoft.com/forum/index.php?topic=14150.msg63645	https://archive.ph/?url=https%3A%2F%2Fwww.agisoft.com%2Fforum%2Findex.php%3Ftopic%3D14150.msg63645
https://www.agisoft.com/forum/index.php?topic=14192.msg62499#msg62499	https://www.agisoft.com/forum/index.php?topic=14192.msg62499	https://archive.ph/?url=https%3A%2F%2Fwww.agisoft.com%2Fforum%2Findex.php%3Ftopic%3D14192.msg62499
https://www.agisoft.com/forum/index.php?topic=14192.msg62502#msg62502	https://www.agisoft.com/forum/index.php?topic=14192.msg62502	https://archive.ph/?url=https%3A%2F%2Fwww.agisoft.com%2Fforum%2Findex.php%3Ftopic%3D14192.msg62502
https://www.agisoft.com/forum/index.php?topic=14192.msg63403#msg63403	https://www.agisoft.com/forum/index.php?topic=14192.msg63403	https://archive.ph/?url=https%3A%2F%2Fwww.agisoft.com%2Fforum%2Findex.php%3Ftopic%3D14192.msg63403
https://www.agisoft.com/forum/index.php?topic=14222.msg63988#msg63988	https://www.agisoft.com/forum/index.php?topic=14222.msg63988	https://archive.ph/?url=https%3A%2F%2Fwww.agisoft.com%2Fforum%2Findex.php%3Ftopic%3D14222.msg63988
https://www.agisoft.com/forum/index.php?topic=14276.msg62809#msg62809	https://www.agisoft.com/forum/index.php?topic=14276.msg62809	https://archive.ph/?url=https%3A%2F%2Fwww.agisoft.com%2Fforum%2Findex.php%3Ftopic%3D14276.msg62809
https://www.agisoft.com/forum/index.php?topic=14276.msg63132#msg63132	https://www.agisoft.com/forum/index.php?topic=14276.msg63132	https://archive.ph/?url=https%3A%2F%2Fwww.agisoft.com%2Fforum%2Findex.php%3Ftopic%3D14276.msg63132
https://www.agisoft.com/forum/index.php?topic=14317.msg63021#msg63021	https://www.agisoft.com/forum/index.php?topic=14317.msg63021	https://archive.ph/?url=https%3A%2F%2Fwww.agisoft.com%2Fforum%2Findex.php%3Ftopic%3D14317.msg63021
https://www.agisoft.com/forum/index.php?topic=14381.msg63268#msg63268	https://www.agisoft.com/forum/index.php?topic=14381.msg63268	https://archive.ph/?url=https%3A%2F%2Fwww.agisoft.com%2Fforum%2Findex.php%3Ftopic%3D14381.msg63268
https://www.agisoft.com/forum/index.php?topic=14381.msg63972#msg63972	https://www.agisoft.com/forum/index.php?topic=14381.msg63972	https://archive.ph/?url=https%3A%2F%2Fwww.agisoft.com%2Fforum%2Findex.php%3Ftopic%3D14381.msg63972
https://www.agisoft.com/forum/index.php?topic=14382.msg63242#msg63242	https://www.agisoft.com/forum/index.php?topic=14382.msg63242	https://archive.ph/?url=https%3A%2F%2Fwww.agisoft.com%2Fforum%2Findex.php%3Ftopic%3D14382.msg63242
https://www.agisoft.com/forum/index.php?topic=14480.msg63654#msg63654	https://www.agisoft.com/forum/index.php?topic=14480.msg63654	https://archive.ph/?url=https%3A%2F%2Fwww.agisoft.com%2Fforum%2Findex.php%3Ftopic%3D14480.msg63654
https://www.agisoft.com/forum/index.php?topic=14526.msg64060#msg64060	https://www.agisoft.com/forum/index.php?topic=14526.msg64060	https://archive.ph/?url=https%3A%2F%2Fwww.agisoft.com%2Fforum%2Findex.php%3Ftopic%3D14526.msg64060
https://www.agisoft.com/forum/index.php?topic=14670.msg64472#msg64472	https://www.agisoft.com/forum/index.php?topic=14670.msg64472	https://archive.ph/?url=https%3A%2F%2Fwww.agisoft.com%2Fforum%2Findex.php%3Ftopic%3D14670.msg64472
https://www.agisoft.com/forum/index.php?topic=14670.msg73828#msg73828	https://www.agisoft.com/forum/index.php?topic=14670.msg73828	https://archive.ph/?url=https%3A%2F%2Fwww.agisoft.com%2Fforum%2Findex.php%3Ftopic%3D14670.msg73828
https://www.agisoft.com/forum/index.php?topic=14738.msg64636#msg64636	https://www.agisoft.com/forum/index.php?topic=14738.msg64636	https://archive.ph/?url=https%3A%2F%2Fwww.agisoft.com%2Fforum%2Findex.php%3Ftopic%3D14738.msg64636
https://www.agisoft.com/forum/index.php?topic=14821.msg64950#msg64950	https://www.agisoft.com/forum/index.php?topic=14821.msg64950	https://archive.ph/?url=https%3A%2F%2Fwww.agisoft.com%2Fforum%2Findex.php%3Ftopic%3D14821.msg64950
https://www.agisoft.com/forum/index.php?topic=14821.msg66108#msg66108	https://www.agisoft.com/forum/index.php?topic=14821.msg66108	https://archive.ph/?url=https%3A%2F%2Fwww.agisoft.com%2Fforum%2Findex.php%3Ftopic%3D14821.msg66108
https://www.agisoft.com/forum/index.php?topic=15017.msg66716#msg66716	https://www.agisoft.com/forum/index.php?topic=15017.msg66716	https://archive.ph/?url=https%3A%2F%2Fwww.agisoft.com%2Fforum%2Findex.php%3Ftopic%3D15017.msg66716
https://www.agisoft.com/forum/index.php?topic=1505.msg7674#msg7674	https://www.agisoft.com/forum/index.php?topic=1505.msg7674	https://archive.ph/?url=https%3A%2F%2Fwww.agisoft.com%2Fforum%2Findex.php%3Ftopic%3D1505.msg7674
https://www.agisoft.com/forum/index.php?topic=1505.msg7916#msg7916	https://www.agisoft.com/forum/index.php?topic=1505.msg7916	https://archive.ph/?url=https%3A%2F%2Fwww.agisoft.com%2Fforum%2Findex.php%3Ftopic%3D1505.msg7916
https://www.agisoft.com/forum/index.php?topic=1505.msg7934#msg7934	https://www.agisoft.com/forum/index.php?topic=1505.msg7934	https://archive.ph/?url=https%3A%2F%2Fwww.agisoft.com%2Fforum%2Findex.php%3Ftopic%3D1505.msg7934
https://www.agisoft.com/forum/index.php?topic=15053.msg65810#msg65810	https://www.agisoft.com/forum/index.php?topic=15053.msg65810	https://archive.ph/?url=https%3A%2F%2Fwww.agisoft.com%2Fforum%2Findex.php%3Ftopic%3D15053.msg65810
https://www.agisoft.com/forum/index.php?topic=15240.msg66874#msg66874	https://www.agisoft.com/forum/index.php?topic=15240.msg66874	https://archive.ph/?url=https%3A%2F%2Fwww.agisoft.com%2Fforum%2Findex.php%3Ftopic%3D15240.msg66874
https://www.agisoft.com/forum/index.php?topic=1526.msg7833#msg7833	https://www.agisoft.com/forum/index.php?topic=1526.msg7833	https://archive.ph/?url=https%3A%2F%2Fwww.agisoft.com%2Fforum%2Findex.php%3Ftopic%3D1526.msg7833
https://www.agisoft.com/forum/index.php?topic=15490.msg67279#msg67279	https://www.agisoft.com/forum/index.php?topic=15490.msg67279	https://archive.ph/?url=https%3A%2F%2Fwww.agisoft.com%2Fforum%2Findex.php%3Ftopic%3D15490.msg67279
https://www.agisoft.com/forum/index.php?topic=15721.msg68018#msg68018	https://www.agisoft.com/forum/index.php?topic=15721.msg68018	https://archive.ph/?url=https%3A%2F%2Fwww.agisoft.com%2Fforum%2Findex.php%3Ftopic%3D15721.msg68018
https://www.agisoft.com/forum/index.php?topic=15903.msg68616#msg68616	https://www.agisoft.com/forum/index.php?topic=15903.msg68616	https://archive.ph/?url=https%3A%2F%2Fwww.agisoft.com%2Fforum%2Findex.php%3Ftopic%3D15903.msg68616
https://www.agisoft.com/forum/index.php?topic=15903.msg68784#msg68784	https://www.agisoft.com/forum/index.php?topic=15903.msg68784	https://archive.ph/?url=https%3A%2F%2Fwww.agisoft.com%2Fforum%2Findex.php%3Ftopic%3D15903.msg68784
https://www.agisoft.com/forum/index.php?topic=15903.msg69015#msg69015	https://www.agisoft.com/forum/index.php?topic=15903.msg69015	https://archive.ph/?url=https%3A%2F%2Fwww.agisoft.com%2Fforum%2Findex.php%3Ftopic%3D15903.msg69015
https://www.agisoft.com/forum/index.php?topic=15903.msg69649#msg69649	https://www.agisoft.com/forum/index.php?topic=15903.msg69649	https://archive.ph/?url=https%3A%2F%2Fwww.agisoft.com%2Fforum%2Findex.php%3Ftopic%3D15903.msg69649
https://www.agisoft.com/forum/index.php?topic=15903.msg70291#msg70291	https://www.agisoft.com/forum/index.php?topic=15903.msg70291	https://archive.ph/?url=https%3A%2F%2Fwww.agisoft.com%2Fforum%2Findex.php%3Ftopic%3D15903.msg70291
https://www.agisoft.com/forum/index.php?topic=15903.msg72205#msg72205	https://www.agisoft.com/forum/index.php?topic=15903.msg72205	https://archive.ph/?url=https%3A%2F%2Fwww.agisoft.com%2Fforum%2Findex.php%3Ftopic%3D15903.msg72205
https://www.agisoft.com/forum/index.php?topic=15960.msg68783#msg68783	https://www.agisoft.com/forum/index.php?topic=15960.msg68783	https://archive.ph/?url=https%3A%2F%2Fwww.agisoft.com%2Fforum%2Findex.php%3Ftopic%3D15960.msg68783
https://www.agisoft.com/forum/index.php?topic=16013.msg68965#msg68965	https://www.agisoft.com/forum/index.php?topic=16013.msg68965	https://archive.ph/?url=https%3A%2F%2Fwww.agisoft.com%2Fforum%2Findex.php%3Ftopic%3D16013.msg68965
https://www.agisoft.com/forum/index.php?topic=16015.msg68969#msg68969	https://www.agisoft.com/forum/index.php?topic=16015.msg68969	https://archive.ph/?url=https%3A%2F%2Fwww.agisoft.com%2Fforum%2Findex.php%3Ftopic%3D16015.msg68969
https://www.agisoft.com/forum/index.php?topic=16015.msg72350#msg72350	https://www.agisoft.com/forum/index.php?topic=16015.msg72350	https://archive.ph/?url=https%3A%2F%2Fwww.agisoft.com%2Fforum%2Findex.php%3Ftopic%3D16015.msg72350
https://www.agisoft.com/forum/index.php?topic=16091.msg69300#msg69300	https://www.agisoft.com/forum/index.php?topic=16091.msg69300	https://archive.ph/?url=https%3A%2F%2Fwww.agisoft.com%2Fforum%2Findex.php%3Ftopic%3D16091.msg69300
https://www.agisoft.com/forum/index.php?topic=16481.msg70795#msg70795	https://www.agisoft.com/forum/index.php?topic=16481.msg70795	https://archive.ph/?url=https%3A%2F%2Fwww.agisoft.com%2Fforum%2Findex.php%3Ftopic%3D16481.msg70795
https://www.agisoft.com/forum/index.php?topic=16481.msg72862#msg72862	https://www.agisoft.com/forum/index.php?topic=16481.msg72862	https://archive.ph/?url=https%3A%2F%2Fwww.agisoft.com%2Fforum%2Findex.php%3Ftopic%3D16481.msg72862
https://www.agisoft.com/forum/index.php?topic=16516.msg70934#msg70934	https://www.agisoft.com/forum/index.php?topic=16516.msg70934	https://archive.ph/?url=https%3A%2F%2Fwww.agisoft.com%2Fforum%2Findex.php%3Ftopic%3D16516.msg70934
https://www.agisoft.com/forum/index.php?topic=16745.msg71715#msg71715	https://www.agisoft.com/forum/index.php?topic=16745.msg71715	https://archive.ph/?url=https%3A%2F%2Fwww.agisoft.com%2Fforum%2Findex.php%3Ftopic%3D16745.msg71715
https://www.agisoft.com/forum/index.php?topic=16745.msg71933#msg71933	https://www.agisoft.com/forum/index.php?topic=16745.msg71933	https://archive.ph/?url=https%3A%2F%2Fwww.agisoft.com%2Fforum%2Findex.php%3Ftopic%3D16745.msg71933
https://www.agisoft.com/forum/index.php?topic=16745.msg72257#msg72257	https://www.agisoft.com/forum/index.php?topic=16745.msg72257	https://archive.ph/?url=https%3A%2F%2Fwww.agisoft.com%2Fforum%2Findex.php%3Ftopic%3D16745.msg72257
https://www.agisoft.com/forum/index.php?topic=17357.msg74309#msg74309	https://www.agisoft.com/forum/index.php?topic=17357.msg74309	https://archive.ph/?url=https%3A%2F%2Fwww.agisoft.com%2Fforum%2Findex.php%3Ftopic%3D17357.msg74309
https://www.agisoft.com/forum/index.php?topic=17361.msg74418#msg74418	https://www.agisoft.com/forum/index.php?topic=17361.msg74418	https://archive.ph/?url=https%3A%2F%2Fwww.agisoft.com%2Fforum%2Findex.php%3Ftopic%3D17361.msg74418
https://www.agisoft.com/forum/index.php?topic=17361.msg74472#msg74472	https://www.agisoft.com/forum/index.php?topic=17361.msg74472	https://archive.ph/?url=https%3A%2F%2Fwww.agisoft.com%2Fforum%2Findex.php%3Ftopic%3D17361.msg74472
https://www.agisoft.com/forum/index.php?topic=17361.msg74558#msg74558	https://www.agisoft.com/forum/index.php?topic=17361.msg74558	https://archive.ph/?url=https%3A%2F%2Fwww.agisoft.com%2Fforum%2Findex.php%3Ftopic%3D17361.msg74558
https://www.agisoft.com/forum/index.php?topic=17361.msg74561#msg74561	https://www.agisoft.com/forum/index.php?topic=17361.msg74561	https://archive.ph/?url=https%3A%2F%2Fwww.agisoft.com%2Fforum%2Findex.php%3Ftopic%3D17361.msg74561
https://www.agisoft.com/forum/index.php?topic=17361.msg74566#msg74566	https://www.agisoft.com/forum/index.php?topic=17361.msg74566	https://archive.ph/?url=https%3A%2F%2Fwww.agisoft.com%2Fforum%2Findex.php%3Ftopic%3D17361.msg74566
https://www.agisoft.com/forum/index.php?topic=17361.msg74630#msg74630	https://www.agisoft.com/forum/index.php?topic=17361.msg74630	https://archive.ph/?url=https%3A%2F%2Fwww.agisoft.com%2Fforum%2Findex.php%3Ftopic%3D17361.msg74630
https://www.agisoft.com/forum/index.php?topic=17434.msg74607#msg74607	https://www.agisoft.com/forum/index.php?topic=17434.msg74607	https://archive.ph/?url=https%3A%2F%2Fwww.agisoft.com%2Fforum%2Findex.php%3Ftopic%3D17434.msg74607
https://www.agisoft.com/forum/index.php?topic=17446.msg135648#msg135648	https://www.agisoft.com/forum/index.php?topic=17446.msg135648	https://archive.ph/?url=https%3A%2F%2Fwww.agisoft.com%2Fforum%2Findex.php%3Ftopic%3D17446.msg135648
https://www.agisoft.com/forum/index.php?topic=1868.msg17853#msg17853	https://www.agisoft.com/forum/index.php?topic=1868.msg17853	https://archive.ph/?url=https%3A%2F%2Fwww.agisoft.com%2Fforum%2Findex.php%3Ftopic%3D1868.msg17853
https://www.agisoft.com/forum/index.php?topic=1886.msg10041#msg10041	https://www.agisoft.com/forum/index.php?topic=1886.msg10041	https://archive.ph/?url=https%3A%2F%2Fwww.agisoft.com%2Fforum%2Findex.php%3Ftopic%3D1886.msg10041
https://www.agisoft.com/forum/index.php?topic=1886.msg15464#msg15464	https://www.agisoft.com/forum/index.php?topic=1886.msg15464	https://archive.ph/?url=https%3A%2F%2Fwww.agisoft.com%2Fforum%2Findex.php%3Ftopic%3D1886.msg15464
https://www.agisoft.com/forum/index.php?topic=1886.msg16605#msg16605	https://www.agisoft.com/forum/index.php?topic=1886.msg16605	https://archive.ph/?url=https%3A%2F%2Fwww.agisoft.com%2Fforum%2Findex.php%3Ftopic%3D1886.msg16605
https://www.agisoft.com/forum/index.php?topic=2104.msg10551#msg10551	https://www.agisoft.com/forum/index.php?topic=2104.msg10551	https://archive.ph/?url=https%3A%2F%2Fwww.agisoft.com%2Fforum%2Findex.php%3Ftopic%3D2104.msg10551
https://www.agisoft.com/forum/index.php?topic=2150.msg11404#msg11404	https://www.agisoft.com/forum/index.php?topic=2150.msg11404	https://archive.ph/?url=https%3A%2F%2Fwww.agisoft.com%2Fforum%2Findex.php%3Ftopic%3D2150.msg11404
https://www.agisoft.com/forum/index.php?topic=2314.msg12352#msg12352	https://www.agisoft.com/forum/index.php?topic=2314.msg12352	https://archive.ph/?url=https%3A%2F%2Fwww.agisoft.com%2Fforum%2Findex.php%3Ftopic%3D2314.msg12352
https://www.agisoft.com/forum/index.php?topic=232.msg949#msg949	https://www.agisoft.com/forum/index.php?topic=232.msg949	https://archive.ph/?url=https%3A%2F%2Fwww.agisoft.com%2Fforum%2Findex.php%3Ftopic%3D232.msg949
https://www.agisoft.com/forum/index.php?topic=2572.msg13156#msg13156	https://www.agisoft.com/forum/index.php?topic=2572.msg13156	https://archive.ph/?url=https%3A%2F%2Fwww.agisoft.com%2Fforum%2Findex.php%3Ftopic%3D2572.msg13156
https://www.agisoft.com/forum/index.php?topic=2587.msg13713#msg13713	https://www.agisoft.com/forum/index.php?topic=2587.msg13713	https://archive.ph/?url=https%3A%2F%2Fwww.agisoft.com%2Fforum%2Findex.php%3Ftopic%3D2587.msg13713
https://www.agisoft.com/forum/index.php?topic=2587.msg13735#msg13735	https://www.agisoft.com/forum/index.php?topic=2587.msg13735	https://archive.ph/?url=https%3A%2F%2Fwww.agisoft.com%2Fforum%2Findex.php%3Ftopic%3D2587.msg13735
https://www.agisoft.com/forum/index.php?topic=2587.msg14130#msg14130	https://www.agisoft.com/forum/index.php?topic=2587.msg14130	https://archive.ph/?url=https%3A%2F%2Fwww.agisoft.com%2Fforum%2Findex.php%3Ftopic%3D2587.msg14130
https://www.agisoft.com/forum/index.php?topic=2587.msg14153#msg14153	https://www.agisoft.com/forum/index.php?topic=2587.msg14153	https://archive.ph/?url=https%3A%2F%2Fwww.agisoft.com%2Fforum%2Findex.php%3Ftopic%3D2587.msg14153
https://www.agisoft.com/forum/index.php?topic=2587.msg14663#msg14663	https://www.agisoft.com/forum/index.php?topic=2587.msg14663	https://archive.ph/?url=https%3A%2F%2Fwww.agisoft.com%2Fforum%2Findex.php%3Ftopic%3D2587.msg14663
https://www.agisoft.com/forum/index.php?topic=2728.msg14454#msg14454	https://www.agisoft.com/forum/index.php?topic=2728.msg14454	https://archive.ph/?url=https%3A%2F%2Fwww.agisoft.com%2Fforum%2Findex.php%3Ftopic%3D2728.msg14454
https://www.agisoft.com/forum/index.php?topic=2768.msg14648#msg14648	https://www.agisoft.com/forum/index.php?topic=2768.msg14648	https://archive.ph/?url=https%3A%2F%2Fwww.agisoft.com%2Fforum%2Findex.php%3Ftopic%3D2768.msg14648
https://www.agisoft.com/forum/index.php?topic=2768.msg32898#msg32898	https://www.agisoft.com/forum/index.php?topic=2768.msg32898	https://archive.ph/?url=https%3A%2F%2Fwww.agisoft.com%2Fforum%2Findex.php%3Ftopic%3D2768.msg32898
https://www.agisoft.com/forum/index.php?topic=2901.msg15355#msg15355	https://www.agisoft.com/forum/index.php?topic=2901.msg15355	https://archive.ph/?url=https%3A%2F%2Fwww.agisoft.com%2Fforum%2Findex.php%3Ftopic%3D2901.msg15355
https://www.agisoft.com/forum/index.php?topic=2901.msg17239#msg17239	https://www.agisoft.com/forum/index.php?topic=2901.msg17239	https://archive.ph/?url=https%3A%2F%2Fwww.agisoft.com%2Fforum%2Findex.php%3Ftopic%3D2901.msg17239
https://www.agisoft.com/forum/index.php?topic=2901.msg17259#msg17259	https://www.agisoft.com/forum/index.php?topic=2901.msg17259	https://archive.ph/?url=https%3A%2F%2Fwww.agisoft.com%2Fforum%2Findex.php%3Ftopic%3D2901.msg17259
https://www.agisoft.com/forum/index.php?topic=2901.msg17322#msg17322	https://www.agisoft.com/forum/index.php?topic=2901.msg17322	https://archive.ph/?url=https%3A%2F%2Fwww.agisoft.com%2Fforum%2Findex.php%3Ftopic%3D2901.msg17322
https://www.agisoft.com/forum/index.php?topic=2901.msg17372#msg17372	https://www.agisoft.com/forum/index.php?topic=2901.msg17372	https://archive.ph/?url=https%3A%2F%2Fwww.agisoft.com%2Fforum%2Findex.php%3Ftopic%3D2901.msg17372
https://www.agisoft.com/forum/index.php?topic=3071.msg14934#msg14934	https://www.agisoft.com/forum/index.php?topic=3071.msg14934	https://archive.ph/?url=https%3A%2F%2Fwww.agisoft.com%2Fforum%2Findex.php%3Ftopic%3D3071.msg14934
https://www.agisoft.com/forum/index.php?topic=3071.msg14975#msg14975	https://www.agisoft.com/forum/index.php?topic=3071.msg14975	https://archive.ph/?url=https%3A%2F%2Fwww.agisoft.com%2Fforum%2Findex.php%3Ftopic%3D3071.msg14975
https://www.agisoft.com/forum/index.php?topic=3071.msg16225#msg16225	https://www.agisoft.com/forum/index.php?topic=3071.msg16225	https://archive.ph/?url=https%3A%2F%2Fwww.agisoft.com%2Fforum%2Findex.php%3Ftopic%3D3071.msg16225
https://www.agisoft.com/forum/index.php?topic=335.msg1353#msg1353	https://www.agisoft.com/forum/index.php?topic=335.msg1353	https://archive.ph/?url=https%3A%2F%2Fwww.agisoft.com%2Fforum%2Findex.php%3Ftopic%3D335.msg1353
https://www.agisoft.com/forum/index.php?topic=3351.msg17511#msg17511	https://www.agisoft.com/forum/index.php?topic=3351.msg17511	https://archive.ph/?url=https%3A%2F%2Fwww.agisoft.com%2Fforum%2Findex.php%3Ftopic%3D3351.msg17511
https://www.agisoft.com/forum/index.php?topic=3351.msg17530#msg17530	https://www.agisoft.com/forum/index.php?topic=3351.msg17530	https://archive.ph/?url=https%3A%2F%2Fwww.agisoft.com%2Fforum%2Findex.php%3Ftopic%3D3351.msg17530
https://www.agisoft.com/forum/index.php?topic=3371.msg17724#msg17724	https://www.agisoft.com/forum/index.php?topic=3371.msg17724	https://archive.ph/?url=https%3A%2F%2Fwww.agisoft.com%2Fforum%2Findex.php%3Ftopic%3D3371.msg17724
https://www.agisoft.com/forum/index.php?topic=3525.msg18949#msg18949	https://www.agisoft.com/forum/index.php?topic=3525.msg18949	https://archive.ph/?url=https%3A%2F%2Fwww.agisoft.com%2Fforum%2Findex.php%3Ftopic%3D3525.msg18949
https://www.agisoft.com/forum/index.php?topic=3599.msg18062#msg18062	https://www.agisoft.com/forum/index.php?topic=3599.msg18062	https://archive.ph/?url=https%3A%2F%2Fwww.agisoft.com%2Fforum%2Findex.php%3Ftopic%3D3599.msg18062
https://www.agisoft.com/forum/index.php?topic=3996.msg22403#msg22403	https://www.agisoft.com/forum/index.php?topic=3996.msg22403	https://archive.ph/?url=https%3A%2F%2Fwww.agisoft.com%2Fforum%2Findex.php%3Ftopic%3D3996.msg22403
https://www.agisoft.com/forum/index.php?topic=3996.msg25940#msg25940	https://www.agisoft.com/forum/index.php?topic=3996.msg25940	https://archive.ph/?url=https%3A%2F%2Fwww.agisoft.com%2Fforum%2Findex.php%3Ftopic%3D3996.msg25940
https://www.agisoft.com/forum/index.php?topic=3996.msg28868#msg28868	https://www.agisoft.com/forum/index.php?topic=3996.msg28868	https://archive.ph/?url=https%3A%2F%2Fwww.agisoft.com%2Fforum%2Findex.php%3Ftopic%3D3996.msg28868
https://www.agisoft.com/forum/index.php?topic=4443.msg22594#msg22594	https://www.agisoft.com/forum/index.php?topic=4443.msg22594	https://archive.ph/?url=https%3A%2F%2Fwww.agisoft.com%2Fforum%2Findex.php%3Ftopic%3D4443.msg22594
https://www.agisoft.com/forum/index.php?topic=4443.msg22617#msg22617	https://www.agisoft.com/forum/index.php?topic=4443.msg22617	https://archive.ph/?url=https%3A%2F%2Fwww.agisoft.com%2Fforum%2Findex.php%3Ftopic%3D4443.msg22617
https://www.agisoft.com/forum/index.php?topic=4443.msg22687#msg22687	https://www.agisoft.com/forum/index.php?topic=4443.msg22687	https://archive.ph/?url=https%3A%2F%2Fwww.agisoft.com%2Fforum%2Findex.php%3Ftopic%3D4443.msg22687
https://www.agisoft.com/forum/index.php?topic=4671.msg23593#msg23593	https://www.agisoft.com/forum/index.php?topic=4671.msg23593	https://archive.ph/?url=https%3A%2F%2Fwww.agisoft.com%2Fforum%2Findex.php%3Ftopic%3D4671.msg23593
https://www.agisoft.com/forum/index.php?topic=4745.msg23951#msg23951	https://www.agisoft.com/forum/index.php?topic=4745.msg23951	https://archive.ph/?url=https%3A%2F%2Fwww.agisoft.com%2Fforum%2Findex.php%3Ftopic%3D4745.msg23951
https://www.agisoft.com/forum/index.php?topic=4745.msg24131#msg24131	https://www.agisoft.com/forum/index.php?topic=4745.msg24131	https://archive.ph/?url=https%3A%2F%2Fwww.agisoft.com%2Fforum%2Findex.php%3Ftopic%3D4745.msg24131
https://www.agisoft.com/forum/index.php?topic=4766.msg21024#msg21024	https://www.agisoft.com/forum/index.php?topic=4766.msg21024	https://archive.ph/?url=https%3A%2F%2Fwww.agisoft.com%2Fforum%2Findex.php%3Ftopic%3D4766.msg21024
https://www.agisoft.com/forum/index.php?topic=4841.msg24329#msg24329	https://www.agisoft.com/forum/index.php?topic=4841.msg24329	https://archive.ph/?url=https%3A%2F%2Fwww.agisoft.com%2Fforum%2Findex.php%3Ftopic%3D4841.msg24329
https://www.agisoft.com/forum/index.php?topic=4853.msg56725#msg56725	https://www.agisoft.com/forum/index.php?topic=4853.msg56725	https://archive.ph/?url=https%3A%2F%2Fwww.agisoft.com%2Fforum%2Findex.php%3Ftopic%3D4853.msg56725
https://www.agisoft.com/forum/index.php?topic=4901.msg24700#msg24700	https://www.agisoft.com/forum/index.php?topic=4901.msg24700	https://archive.ph/?url=https%3A%2F%2Fwww.agisoft.com%2Fforum%2Findex.php%3Ftopic%3D4901.msg24700
https://www.agisoft.com/forum/index.php?topic=4947.msg24735#msg24735	https://www.agisoft.com/forum/index.php?topic=4947.msg24735	https://archive.ph/?url=https%3A%2F%2Fwww.agisoft.com%2Fforum%2Findex.php%3Ftopic%3D4947.msg24735
https://www.agisoft.com/forum/index.php?topic=4947.msg24830#msg24830	https://www.agisoft.com/forum/index.php?topic=4947.msg24830	https://archive.ph/?url=https%3A%2F%2Fwww.agisoft.com%2Fforum%2Findex.php%3Ftopic%3D4947.msg24830
https://www.agisoft.com/forum/index.php?topic=5037.msg25059#msg25059	https://www.agisoft.com/forum/index.php?topic=5037.msg25059	https://archive.ph/?url=https%3A%2F%2Fwww.agisoft.com%2Fforum%2Findex.php%3Ftopic%3D5037.msg25059
https://www.agisoft.com/forum/index.php?topic=5037.msg25071#msg25071	https://www.agisoft.com/forum/index.php?topic=5037.msg25071	https://archive.ph/?url=https%3A%2F%2Fwww.agisoft.com%2Fforum%2Findex.php%3Ftopic%3D5037.msg25071
https://www.agisoft.com/forum/index.php?topic=5037.msg25241#msg25241	https://www.agisoft.com/forum/index.php?topic=5037.msg25241	https://archive.ph/?url=https%3A%2F%2Fwww.agisoft.com%2Fforum%2Findex.php%3Ftopic%3D5037.msg25241
https://www.agisoft.com/forum/index.php?topic=5061.msg25163#msg25163	https://www.agisoft.com/forum/index.php?topic=5061.msg25163	https://archive.ph/?url=https%3A%2F%2Fwww.agisoft.com%2Fforum%2Findex.php%3Ftopic%3D5061.msg25163
https://www.agisoft.com/forum/index.php?topic=5255.msg26266#msg26266	https://www.agisoft.com/forum/index.php?topic=5255.msg26266	https://archive.ph/?url=https%3A%2F%2Fwww.agisoft.com%2Fforum%2Findex.php%3Ftopic%3D5255.msg26266
https://www.agisoft.com/forum/index.php?topic=5267.msg26529#msg26529	https://www.agisoft.com/forum/index.php?topic=5267.msg26529	https://archive.ph/?url=https%3A%2F%2Fwww.agisoft.com%2Fforum%2Findex.php%3Ftopic%3D5267.msg26529
https://www.agisoft.com/forum/index.php?topic=5359.msg26355#msg26355	https://www.agisoft.com/forum/index.php?topic=5359.msg26355	https://archive.ph/?url=https%3A%2F%2Fwww.agisoft.com%2Fforum%2Findex.php%3Ftopic%3D5359.msg26355
https://www.agisoft.com/forum/index.php?topic=5381.msg26475#msg26475	https://www.agisoft.com/forum/index.php?topic=5381.msg26475	https://archive.ph/?url=https%3A%2F%2Fwww.agisoft.com%2Fforum%2Findex.php%3Ftopic%3D5381.msg26475
https://www.agisoft.com/forum/index.php?topic=5454.msg26770#msg26770	https://www.agisoft.com/forum/index.php?topic=5454.msg26770	https://archive.ph/?url=https%3A%2F%2Fwww.agisoft.com%2Fforum%2Findex.php%3Ftopic%3D5454.msg26770
https://www.agisoft.com/forum/index.php?topic=5454.msg26905#msg26905	https://www.agisoft.com/forum/index.php?topic=5454.msg26905	https://archive.ph/?url=https%3A%2F%2Fwww.agisoft.com%2Fforum%2Findex.php%3Ftopic%3D5454.msg26905
https://www.agisoft.com/forum/index.php?topic=5585.msg27299#msg27299	https://www.agisoft.com/forum/index.php?topic=5585.msg27299	https://archive.ph/?url=https%3A%2F%2Fwww.agisoft.com%2Fforum%2Findex.php%3Ftopic%3D5585.msg27299
https://www.agisoft.com/forum/index.php?topic=5837.msg28390#msg28390	https://www.agisoft.com/forum/index.php?topic=5837.msg28390	https://archive.ph/?url=https%3A%2F%2Fwww.agisoft.com%2Fforum%2Findex.php%3Ftopic%3D5837.msg28390
https://www.agisoft.com/forum/index.php?topic=600.msg2677#msg2677	https://www.agisoft.com/forum/index.php?topic=600.msg2677	https://archive.ph/?url=https%3A%2F%2Fwww.agisoft.com%2Fforum%2Findex.php%3Ftopic%3D600.msg2677
https://www.agisoft.com/forum/index.php?topic=600.msg2893#msg2893	https://www.agisoft.com/forum/index.php?topic=600.msg2893	https://archive.ph/?url=https%3A%2F%2Fwww.agisoft.com%2Fforum%2Findex.php%3Ftopic%3D600.msg2893
https://www.agisoft.com/forum/index.php?topic=6074.msg29487#msg29487	https://www.agisoft.com/forum/index.php?topic=6074.msg29487	https://archive.ph/?url=https%3A%2F%2Fwww.agisoft.com%2Fforum%2Findex.php%3Ftopic%3D6074.msg29487
https://www.agisoft.com/forum/index.php?topic=6074.msg30401#msg30401	https://www.agisoft.com/forum/index.php?topic=6074.msg30401	https://archive.ph/?url=https%3A%2F%2Fwww.agisoft.com%2Fforum%2Findex.php%3Ftopic%3D6074.msg30401
https://www.agisoft.com/forum/index.php?topic=6074.msg30459#msg30459	https://www.agisoft.com/forum/index.php?topic=6074.msg30459	https://archive.ph/?url=https%3A%2F%2Fwww.agisoft.com%2Fforum%2Findex.php%3Ftopic%3D6074.msg30459
https://www.agisoft.com/forum/index.php?topic=6111.msg30095#msg30095	https://www.agisoft.com/forum/index.php?topic=6111.msg30095	https://archive.ph/?url=https%3A%2F%2Fwww.agisoft.com%2Fforum%2Findex.php%3Ftopic%3D6111.msg30095
https://www.agisoft.com/forum/index.php?topic=6147.msg30121#msg30121	https://www.agisoft.com/forum/index.php?topic=6147.msg30121	https://archive.ph/?url=https%3A%2F%2Fwww.agisoft.com%2Fforum%2Findex.php%3Ftopic%3D6147.msg30121
https://www.agisoft.com/forum/index.php?topic=6258.msg30236#msg30236	https://www.agisoft.com/forum/index.php?topic=6258.msg30236	https://archive.ph/?url=https%3A%2F%2Fwww.agisoft.com%2Fforum%2Findex.php%3Ftopic%3D6258.msg30236
https://www.agisoft.com/forum/index.php?topic=6306.msg30226#msg30226	https://www.agisoft.com/forum/index.php?topic=6306.msg30226	https://archive.ph/?url=https%3A%2F%2Fwww.agisoft.com%2Fforum%2Findex.php%3Ftopic%3D6306.msg30226
https://www.agisoft.com/forum/index.php?topic=6306.msg30227#msg30227	https://www.agisoft.com/forum/index.php?topic=6306.msg30227	https://archive.ph/?url=https%3A%2F%2Fwww.agisoft.com%2Fforum%2Findex.php%3Ftopic%3D6306.msg30227
https://www.agisoft.com/forum/index.php?topic=6306.msg30456#msg30456	https://www.agisoft.com/forum/index.php?topic=6306.msg30456	https://archive.ph/?url=https%3A%2F%2Fwww.agisoft.com%2Fforum%2Findex.php%3Ftopic%3D6306.msg30456
https://www.agisoft.com/forum/index.php?topic=6306.msg30457#msg30457	https://www.agisoft.com/forum/index.php?topic=6306.msg30457	https://archive.ph/?url=https%3A%2F%2Fwww.agisoft.com%2Fforum%2Findex.php%3Ftopic%3D6306.msg30457
https://www.agisoft.com/forum/index.php?topic=6306.msg30719#msg30719	https://www.agisoft.com/forum/index.php?topic=6306.msg30719	https://archive.ph/?url=https%3A%2F%2Fwww.agisoft.com%2Fforum%2Findex.php%3Ftopic%3D6306.msg30719
https://www.agisoft.com/forum/index.php?topic=6635.msg32062#msg32062	https://www.agisoft.com/forum/index.php?topic=6635.msg32062	https://archive.ph/?url=https%3A%2F%2Fwww.agisoft.com%2Fforum%2Findex.php%3Ftopic%3D6635.msg32062
https://www.agisoft.com/forum/index.php?topic=6691.msg32347#msg32347	https://www.agisoft.com/forum/index.php?topic=6691.msg32347	https://archive.ph/?url=https%3A%2F%2Fwww.agisoft.com%2Fforum%2Findex.php%3Ftopic%3D6691.msg32347
https://www.agisoft.com/forum/index.php?topic=6992.msg32413#msg32413	https://www.agisoft.com/forum/index.php?topic=6992.msg32413	https://archive.ph/?url=https%3A%2F%2Fwww.agisoft.com%2Fforum%2Findex.php%3Ftopic%3D6992.msg32413
https://www.agisoft.com/forum/index.php?topic=6992.msg33751#msg33751	https://www.agisoft.com/forum/index.php?topic=6992.msg33751	https://archive.ph/?url=https%3A%2F%2Fwww.agisoft.com%2Fforum%2Findex.php%3Ftopic%3D6992.msg33751
https://www.agisoft.com/forum/index.php?topic=6992.msg33765#msg33765	https://www.agisoft.com/forum/index.php?topic=6992.msg33765	https://archive.ph/?url=https%3A%2F%2Fwww.agisoft.com%2Fforum%2Findex.php%3Ftopic%3D6992.msg33765
https://www.agisoft.com/forum/index.php?topic=6995.msg33747#msg33747	https://www.agisoft.com/forum/index.php?topic=6995.msg33747	https://archive.ph/?url=https%3A%2F%2Fwww.agisoft.com%2Fforum%2Findex.php%3Ftopic%3D6995.msg33747
https://www.agisoft.com/forum/index.php?topic=7020.msg34121#msg34121	https://www.agisoft.com/forum/index.php?topic=7020.msg34121	https://archive.ph/?url=https%3A%2F%2Fwww.agisoft.com%2Fforum%2Findex.php%3Ftopic%3D7020.msg34121
https://www.agisoft.com/forum/index.php?topic=7056.msg34042#msg34042	https://www.agisoft.com/forum/index.php?topic=7056.msg34042	https://archive.ph/?url=https%3A%2F%2Fwww.agisoft.com%2Fforum%2Findex.php%3Ftopic%3D7056.msg34042
https://www.agisoft.com/forum/index.php?topic=7277.msg35040#msg35040	https://www.agisoft.com/forum/index.php?topic=7277.msg35040	https://archive.ph/?url=https%3A%2F%2Fwww.agisoft.com%2Fforum%2Findex.php%3Ftopic%3D7277.msg35040
https://www.agisoft.com/forum/index.php?topic=738.msg2769#msg2769	https://www.agisoft.com/forum/index.php?topic=738.msg2769	https://archive.ph/?url=https%3A%2F%2Fwww.agisoft.com%2Fforum%2Findex.php%3Ftopic%3D738.msg2769
https://www.agisoft.com/forum/index.php?topic=738.msg3105#msg3105	https://www.agisoft.com/forum/index.php?topic=738.msg3105	https://archive.ph/?url=https%3A%2F%2Fwww.agisoft.com%2Fforum%2Findex.php%3Ftopic%3D738.msg3105
https://www.agisoft.com/forum/index.php?topic=738.msg3115#msg3115	https://www.agisoft.com/forum/index.php?topic=738.msg3115	https://archive.ph/?url=https%3A%2F%2Fwww.agisoft.com%2Fforum%2Findex.php%3Ftopic%3D738.msg3115
https://www.agisoft.com/forum/index.php?topic=7543.msg36125#msg36125	https://www.agisoft.com/forum/index.php?topic=7543.msg36125	https://archive.ph/?url=https%3A%2F%2Fwww.agisoft.com%2Fforum%2Findex.php%3Ftopic%3D7543.msg36125
https://www.agisoft.com/forum/index.php?topic=764.msg3576#msg3576	https://www.agisoft.com/forum/index.php?topic=764.msg3576	https://archive.ph/?url=https%3A%2F%2Fwww.agisoft.com%2Fforum%2Findex.php%3Ftopic%3D764.msg3576
https://www.agisoft.com/forum/index.php?topic=7772.msg37143#msg37143	https://www.agisoft.com/forum/index.php?topic=7772.msg37143	https://archive.ph/?url=https%3A%2F%2Fwww.agisoft.com%2Fforum%2Findex.php%3Ftopic%3D7772.msg37143
https://www.agisoft.com/forum/index.php?topic=7977.msg37947#msg37947	https://www.agisoft.com/forum/index.php?topic=7977.msg37947	https://archive.ph/?url=https%3A%2F%2Fwww.agisoft.com%2Fforum%2Findex.php%3Ftopic%3D7977.msg37947
https://www.agisoft.com/forum/index.php?topic=8019.msg37947#msg37947	https://www.agisoft.com/forum/index.php?topic=8019.msg37947	https://archive.ph/?url=https%3A%2F%2Fwww.agisoft.com%2Fforum%2Findex.php%3Ftopic%3D8019.msg37947
https://www.agisoft.com/forum/index.php?topic=8054.msg38480#msg38480	https://www.agisoft.com/forum/index.php?topic=8054.msg38480	https://archive.ph/?url=https%3A%2F%2Fwww.agisoft.com%2Fforum%2Findex.php%3Ftopic%3D8054.msg38480
https://www.agisoft.com/forum/index.php?topic=8054.msg39160#msg39160	https://www.agisoft.com/forum/index.php?topic=8054.msg39160	https://archive.ph/?url=https%3A%2F%2Fwww.agisoft.com%2Fforum%2Findex.php%3Ftopic%3D8054.msg39160
https://www.agisoft.com/forum/index.php?topic=8140.msg38926#msg38926	https://www.agisoft.com/forum/index.php?topic=8140.msg38926	https://archive.ph/?url=https%3A%2F%2Fwww.agisoft.com%2Fforum%2Findex.php%3Ftopic%3D8140.msg38926
https://www.agisoft.com/forum/index.php?topic=8227.msg39390#msg39390	https://www.agisoft.com/forum/index.php?topic=8227.msg39390	https://archive.ph/?url=https%3A%2F%2Fwww.agisoft.com%2Fforum%2Findex.php%3Ftopic%3D8227.msg39390
https://www.agisoft.com/forum/index.php?topic=8227.msg40615#msg40615	https://www.agisoft.com/forum/index.php?topic=8227.msg40615	https://archive.ph/?url=https%3A%2F%2Fwww.agisoft.com%2Fforum%2Findex.php%3Ftopic%3D8227.msg40615
https://www.agisoft.com/forum/index.php?topic=8227.msg47614#msg47614	https://www.agisoft.com/forum/index.php?topic=8227.msg47614	https://archive.ph/?url=https%3A%2F%2Fwww.agisoft.com%2Fforum%2Findex.php%3Ftopic%3D8227.msg47614
https://www.agisoft.com/forum/index.php?topic=8227.msg47624#msg47624	https://www.agisoft.com/forum/index.php?topic=8227.msg47624	https://archive.ph/?url=https%3A%2F%2Fwww.agisoft.com%2Fforum%2Findex.php%3Ftopic%3D8227.msg47624
https://www.agisoft.com/forum/index.php?topic=8227.msg47629#msg47629	https://www.agisoft.com/forum/index.php?topic=8227.msg47629	https://archive.ph/?url=https%3A%2F%2Fwww.agisoft.com%2Fforum%2Findex.php%3Ftopic%3D8227.msg47629
https://www.agisoft.com/forum/index.php?topic=8227.msg47674#msg47674	https://www.agisoft.com/forum/index.php?topic=8227.msg47674	https://archive.ph/?url=https%3A%2F%2Fwww.agisoft.com%2Fforum%2Findex.php%3Ftopic%3D8227.msg47674
https://www.agisoft.com/forum/index.php?topic=8284.msg39640#msg39640	https://www.agisoft.com/forum/index.php?topic=8284.msg39640	https://archive.ph/?url=https%3A%2F%2Fwww.agisoft.com%2Fforum%2Findex.php%3Ftopic%3D8284.msg39640
https://www.agisoft.com/forum/index.php?topic=8284.msg40046#msg40046	https://www.agisoft.com/forum/index.php?topic=8284.msg40046	https://archive.ph/?url=https%3A%2F%2Fwww.agisoft.com%2Fforum%2Findex.php%3Ftopic%3D8284.msg40046
https://www.agisoft.com/forum/index.php?topic=8306.msg41134#msg41134	https://www.agisoft.com/forum/index.php?topic=8306.msg41134	https://archive.ph/?url=https%3A%2F%2Fwww.agisoft.com%2Fforum%2Findex.php%3Ftopic%3D8306.msg41134
https://www.agisoft.com/forum/index.php?topic=8315.msg40852#msg40852	https://www.agisoft.com/forum/index.php?topic=8315.msg40852	https://archive.ph/?url=https%3A%2F%2Fwww.agisoft.com%2Fforum%2Findex.php%3Ftopic%3D8315.msg40852
https://www.agisoft.com/forum/index.php?topic=8444.msg40226#msg40226	https://www.agisoft.com/forum/index.php?topic=8444.msg40226	https://archive.ph/?url=https%3A%2F%2Fwww.agisoft.com%2Fforum%2Findex.php%3Ftopic%3D8444.msg40226
https://www.agisoft.com/forum/index.php?topic=8444.msg40298#msg40298	https://www.agisoft.com/forum/index.php?topic=8444.msg40298	https://archive.ph/?url=https%3A%2F%2Fwww.agisoft.com%2Fforum%2Findex.php%3Ftopic%3D8444.msg40298
https://www.agisoft.com/forum/index.php?topic=8444.msg40300#msg40300	https://www.agisoft.com/forum/index.php?topic=8444.msg40300	https://archive.ph/?url=https%3A%2F%2Fwww.agisoft.com%2Fforum%2Findex.php%3Ftopic%3D8444.msg40300
https://www.agisoft.com/forum/index.php?topic=8879.msg41875#msg41875	https://www.agisoft.com/forum/index.php?topic=8879.msg41875	https://archive.ph/?url=https%3A%2F%2Fwww.agisoft.com%2Fforum%2Findex.php%3Ftopic%3D8879.msg41875
https://www.agisoft.com/forum/index.php?topic=8879.msg42196#msg42196	https://www.agisoft.com/forum/index.php?topic=8879.msg42196	https://archive.ph/?url=https%3A%2F%2Fwww.agisoft.com%2Fforum%2Findex.php%3Ftopic%3D8879.msg42196
https://www.agisoft.com/forum/index.php?topic=8879.msg58893#msg58893	https://www.agisoft.com/forum/index.php?topic=8879.msg58893	https://archive.ph/?url=https%3A%2F%2Fwww.agisoft.com%2Fforum%2Findex.php%3Ftopic%3D8879.msg58893
https://www.agisoft.com/forum/index.php?topic=8967.msg42062#msg42062	https://www.agisoft.com/forum/index.php?topic=8967.msg42062	https://archive.ph/?url=https%3A%2F%2Fwww.agisoft.com%2Fforum%2Findex.php%3Ftopic%3D8967.msg42062
https://www.agisoft.com/forum/index.php?topic=8967.msg42514#msg42514	https://www.agisoft.com/forum/index.php?topic=8967.msg42514	https://archive.ph/?url=https%3A%2F%2Fwww.agisoft.com%2Fforum%2Findex.php%3Ftopic%3D8967.msg42514
https://www.agisoft.com/forum/index.php?topic=8978.msg42061#msg42061	https://www.agisoft.com/forum/index.php?topic=8978.msg42061	https://archive.ph/?url=https%3A%2F%2Fwww.agisoft.com%2Fforum%2Findex.php%3Ftopic%3D8978.msg42061
https://www.agisoft.com/forum/index.php?topic=8984.msg42655#msg42655	https://www.agisoft.com/forum/index.php?topic=8984.msg42655	https://archive.ph/?url=https%3A%2F%2Fwww.agisoft.com%2Fforum%2Findex.php%3Ftopic%3D8984.msg42655
https://www.agisoft.com/forum/index.php?topic=9018.msg42291#msg42291	https://www.agisoft.com/forum/index.php?topic=9018.msg42291	https://archive.ph/?url=https%3A%2F%2Fwww.agisoft.com%2Fforum%2Findex.php%3Ftopic%3D9018.msg42291
https://www.agisoft.com/forum/index.php?topic=9240.msg43080#msg43080	https://www.agisoft.com/forum/index.php?topic=9240.msg43080	https://archive.ph/?url=https%3A%2F%2Fwww.agisoft.com%2Fforum%2Findex.php%3Ftopic%3D9240.msg43080
https://www.agisoft.com/forum/index.php?topic=9240.msg66440#msg66440	https://www.agisoft.com/forum/index.php?topic=9240.msg66440	https://archive.ph/?url=https%3A%2F%2Fwww.agisoft.com%2Fforum%2Findex.php%3Ftopic%3D9240.msg66440
https://www.agisoft.com/forum/index.php?topic=9244.msg43493#msg43493	https://www.agisoft.com/forum/index.php?topic=9244.msg43493	https://archive.ph/?url=https%3A%2F%2Fwww.agisoft.com%2Fforum%2Findex.php%3Ftopic%3D9244.msg43493
https://www.agisoft.com/forum/index.php?topic=9404.msg44623#msg44623	https://www.agisoft.com/forum/index.php?topic=9404.msg44623	https://archive.ph/?url=https%3A%2F%2Fwww.agisoft.com%2Fforum%2Findex.php%3Ftopic%3D9404.msg44623
https://www.agisoft.com/forum/index.php?topic=9587.msg44910#msg44910	https://www.agisoft.com/forum/index.php?topic=9587.msg44910	https://archive.ph/?url=https%3A%2F%2Fwww.agisoft.com%2Fforum%2Findex.php%3Ftopic%3D9587.msg44910
https://www.agisoft.com/forum/index.php?topic=9612.msg44367#msg44367	https://www.agisoft.com/forum/index.php?topic=9612.msg44367	https://archive.ph/?url=https%3A%2F%2Fwww.agisoft.com%2Fforum%2Findex.php%3Ftopic%3D9612.msg44367
https://www.agisoft.com/forum/index.php?topic=9793.msg45620#msg45620	https://www.agisoft.com/forum/index.php?topic=9793.msg45620	https://archive.ph/?url=https%3A%2F%2Fwww.agisoft.com%2Fforum%2Findex.php%3Ftopic%3D9793.msg45620
https://www.agisoft.com/forum/index.php?topic=9793.msg45633#msg45633	https://www.agisoft.com/forum/index.php?topic=9793.msg45633	https://archive.ph/?url=https%3A%2F%2Fwww.agisoft.com%2Fforum%2Findex.php%3Ftopic%3D9793.msg45633
https://www.agisoft.com/forum/index.php?topic=9910.msg45643#msg45643	https://www.agisoft.com/forum/index.php?topic=9910.msg45643	https://archive.ph/?url=https%3A%2F%2Fwww.agisoft.com%2Fforum%2Findex.php%3Ftopic%3D9910.msg45643
